43277,379.317086,397.04612,633,13712,2015-11-11T22:07:25.390Z
43277,409.04812,431.3900862068966,633,13712,2015-11-11T22:07:34.392Z
43277,431.3900862068966,476.333379,633,13712,2015-11-11T22:07:37.390Z
43277,476.333379,495.744413,633,13712,2015-11-11T22:07:40.422Z
43277,543.744413,591.9534650000001,633,13712,2015-11-11T22:08:07.389Z
43879,316.824632,305.38933,633,13712,2015-10-16T15:18:03.074Z
32650,6.678,17.827545,633,13712,2015-10-08T01:36:03.468Z
32650,421.810545,434.1249758243561,633,13712,2015-10-08T02:19:58.256Z
32650,434.1249758243561,445.216062,633,13712,2015-10-08T02:21:44.255Z
32650,580.156062,542.840545,633,13712,2015-10-08T02:23:58.300Z
32650,554.840545,524.616752,633,13712,2015-10-08T02:24:17.952Z
43478,99.499,46.098,633,13712,2015-10-07T04:54:50.165Z
43478,13.46,25.14,633,13712,2015-10-07T05:22:53.779Z
31918,4.23999,444.136551,633,13712,2015-10-11T12:20:25.084Z
31918,453.136536,265.451379,633,13712,2015-10-11T12:22:23.413Z
31918,265.451379,221.958274,633,13712,2015-10-11T12:24:16.189Z
31918,221.958274,0.419999,633,13712,2015-10-11T12:24:23.441Z
31918,58.459891,23.44474,633,13712,2015-10-11T12:38:03.177Z
31918,38.46472,0.9,633,13712,2015-10-11T12:40:01.841Z
31918,35.23996,4.476374,633,13712,2015-10-11T12:42:02.324Z
31918,103.276261,81.020689,633,13712,2015-10-11T12:44:03.253Z
31918,81.020689,70.734223,633,13712,2015-10-11T12:46:00.884Z
31918,35.23996,4.476374,633,13712,2015-10-11T12:46:03.309Z
31918,335.793867,325.695517,633,13712,2015-10-11T13:30:40.877Z
31918,349.715495,330.88465,633,13712,2015-10-11T13:32:38.297Z
31918,330.88465,308.45991,633,13712,2015-10-11T13:34:22.109Z
31918,344.47985,303.068174,633,13712,2015-10-11T13:36:36.957Z
31918,0,39.960345,633,13712,2015-10-11T13:48:17.821Z
31918,39.960345,12.714655,633,13712,2015-10-11T13:50:17.845Z
31918,4.859991,515.203533,633,13712,2015-10-11T13:59:06.697Z
31918,515.203533,500.4125,633,13712,2015-10-11T13:59:13.868Z
31918,142.398,207.557051,633,13712,2015-10-23T03:38:48.798Z
31918,213.557051,255.819293,633,13712,2015-10-23T03:40:47.374Z
31918,255.819293,265.589378,633,13712,2015-10-23T03:42:47.227Z
31918,271.609378,297.886206,633,13712,2015-10-23T03:44:23.402Z
31918,328.667206,312.909051,633,13712,2015-10-23T03:46:48.930Z
31918,315.910051,306.460913,633,13712,2015-10-23T03:48:23.487Z
31918,354.500913,404.1443965517242,633,13712,2015-10-23T03:48:47.518Z
31918,425.025396,451.862068,633,13712,2015-10-23T03:50:23.518Z
46481,342.266826,328.78263,633,13712,2015-10-06T03:53:18.058Z
46481,340.686444,320.813426,633,13712,2015-10-06T03:55:46.611Z
46481,330.711808,305.268478,633,13712,2015-10-06T03:57:47.217Z
46481,329.4601,323.624713,633,13712,2015-10-06T03:59:49.203Z
43505,49.44,86.90000000000001,633,13712,2015-10-14T05:51:45.503Z
45683,2.281,35.444017,633,13712,2015-10-25T15:09:25.903Z
41341,161.477484,178.781448,633,13712,2015-10-09T15:45:15.155Z
45316,630.082,2.752,633,13712,2015-10-19T08:36:08.282Z
45201,367.173,306.544724,633,13712,2015-10-25T05:31:07.099Z
45201,318.584724,364.200672,633,13712,2015-10-25T05:33:05.581Z
45201,625.560672,613.028017,633,13712,2015-10-25T05:35:47.441Z
45201,1.177,18.531603,633,13712,2015-10-25T05:43:40.241Z
45201,1.178,24.942741,633,13712,2015-10-25T05:57:54.508Z
45201,75.82274099999999,142.387396,633,13712,2015-10-25T05:59:51.862Z
45201,142.387396,178.586793,633,13712,2015-10-25T06:01:48.954Z
45201,187.606793,220.431706,633,13712,2015-10-25T06:01:51.904Z
45201,0,304.2435344827587,633,13712,2015-10-25T06:18:26.711Z
45201,0.841,22.704741,633,13712,2015-10-25T06:21:11.410Z
45201,22.704741,37.235775,633,13712,2015-10-25T06:21:35.430Z
45201,37.235775,99.900862,633,13712,2015-10-25T06:23:05.260Z
45201,99.900862,160.749568,633,13712,2015-10-25T06:23:07.797Z
47210,78.6345,83.8135,633,13712,2015-10-26T16:09:22.642Z
47210,93.4335,99.5145,633,13712,2015-10-26T16:09:38.577Z
47210,169.3745,161.033189,633,13712,2015-10-26T16:10:51.409Z
47210,78.6345,83.8135,633,13712,2015-10-26T16:11:22.668Z
47210,93.4335,99.5145,633,13712,2015-10-26T16:12:13.251Z
47210,78.6345,83.8135,633,13712,2015-10-26T16:13:22.682Z
47210,183.195501,190.515501,633,13712,2015-10-26T16:18:40.840Z
47210,183.195501,190.515501,633,13712,2015-10-26T16:20:40.861Z
47210,516.075501,521.136501,633,13712,2015-10-26T16:27:41.308Z
40564,52.2,63.004,633,13712,2015-10-26T05:48:40.848Z
40564,68.567999,79.329999,633,13712,2015-10-26T05:52:07.776Z
40564,109.369999,120.171999,633,13712,2015-10-26T05:52:15.038Z
34043,472.309357,480.211732,633,13712,2015-10-05T16:12:39.481Z
34043,480.211732,512.510824,633,13712,2015-10-05T16:14:39.633Z
34043,512.510824,540.111763,633,13712,2015-10-05T16:16:40.218Z
34043,540.111763,567.59647,633,13712,2015-10-05T16:18:40.331Z
34161,195.681,167.747897,633,13712,2015-10-05T08:32:44.249Z
34161,167.747897,150.584103,633,13712,2015-10-05T08:33:24.921Z
43468,200.8875,157.88125,633,13712,2015-10-24T02:04:57.712Z
43468,157.88125,150.86125,633,13712,2015-10-24T02:06:57.409Z
43468,157.88125,150.86125,633,13712,2015-10-24T02:08:57.434Z
43468,374.502,385.182,633,13712,2015-10-24T02:20:24.805Z
36236,352.593,343.5805,633,13712,2015-11-03T14:14:11.848Z
36236,343.5805,332.714034,633,13712,2015-11-03T14:14:14.832Z
43688,3.370810004,8.530739142,633,13712,2015-10-08T03:37:04.071Z
46019,0.419,23.355552,633,13712,2015-10-14T17:26:44.202Z
43517,45.458,65.689218,633,13712,2015-10-31T21:19:59.340Z
43517,95.470218,87.027827,633,13712,2015-10-31T21:21:59.361Z
43517,229.148827,241.578448,633,13712,2015-10-31T21:24:55.529Z
43517,241.578448,253.794724,633,13712,2015-10-31T21:25:59.401Z
43517,287.003724,295.997679,633,13712,2015-10-31T21:27:59.433Z
43512,502.379976,517.539976,633,13712,2015-10-28T13:04:17.903Z
46784,0,556.7202586206897,633,13712,2015-10-06T16:37:49.020Z
46782,5.181,10.742,633,13712,2015-10-25T11:22:30.688Z
46782,214.302,199.30623,633,13712,2015-10-25T11:24:28.084Z
46782,199.30623,183.423217,633,13712,2015-10-25T11:26:22.516Z
49172,253.09,278.939655,633,13712,2015-10-26T03:27:26.235Z
49172,364.499655,399.57069,633,13712,2015-10-26T03:27:48.839Z
49172,422.10069,431.471897,633,13712,2015-10-26T03:29:26.299Z
49172,512.531897,562.941207,633,13712,2015-10-26T03:31:26.330Z
42807,87.804935,108.290198,633,13712,2015-10-21T14:54:07.508Z
48554,632.181,516.133724,633,13712,2015-10-25T10:20:38.000Z
48554,558.373724,502.228879,633,13712,2015-10-25T10:21:01.990Z
48554,632.181,516.133724,633,13712,2015-10-25T10:22:38.150Z
45274,5.82,11.282,633,13712,2015-10-26T08:36:36.278Z
45274,6.078,442.075135,633,13712,2015-10-26T09:04:19.111Z
45274,568.477135,470.445394,633,13712,2015-10-26T09:04:30.426Z
48319,1.036122,625.917314,633,13712,2015-10-14T07:26:55.841Z
41172,15.12,38.467586,633,13712,2015-10-08T06:49:40.082Z
41172,352.188586,393.246121,633,13712,2015-10-08T07:04:45.019Z
48427,197.771655,204.003083,633,13712,2015-10-23T03:30:07.892Z
48427,197.771655,204.003083,633,13712,2015-10-23T03:32:08.447Z
38183,238.847165,226.1392241379311,633,13712,2015-10-23T23:07:28.614Z
38183,238.847165,226.1392241379311,633,13712,2015-10-23T23:11:28.529Z
50084,39.761,8.468325,633,13712,2015-10-21T14:05:01.224Z
38296,215.637,205.250862,633,13712,2015-10-06T21:11:07.854Z
38296,205.250862,192.914207,633,13712,2015-10-06T21:11:47.471Z
38296,215.637,205.250862,633,13712,2015-10-06T21:13:08.371Z
38296,192.914207,180.139552,633,13712,2015-10-06T21:13:10.587Z
38296,215.637,205.250862,633,13712,2015-10-06T21:15:10.573Z
34529,208.046033,199.801724,633,13712,2015-10-26T06:05:56.789Z
34529,199.801724,192.257797,633,13712,2015-10-26T06:06:41.946Z
34529,192.257797,185.987813,633,13712,2015-10-26T06:09:57.078Z
34529,185.987813,175.951017,633,13712,2015-10-26T06:10:02.842Z
47333,28.842216,14.434315,633,13712,2015-10-10T09:25:41.009Z
47333,28.842216,14.434315,633,13712,2015-10-10T09:27:41.078Z
47334,25.087190583,115,633,13712,2015-10-22T12:01:42.126Z
47334,115,206.988801612,633,13712,2015-10-22T12:01:44.966Z
43218,16.162,55.372379,633,13712,2015-10-20T13:13:28.057Z
54907,0,227.0474137931034,633,13712,2015-11-10T12:37:41.520Z
54907,227.0474137931034,459.696775,633,13712,2015-11-10T12:37:44.523Z
16014,54.718504561,100.7128715,633,13712,2015-10-26T09:33:04.998Z
16014,100.7128715,160.7128715,633,13712,2015-10-26T09:33:18.410Z
16014,277.514695965,342.6968338,633,13712,2015-10-26T09:33:46.800Z
16014,342.6968338,412.6968338,633,13712,2015-10-26T09:33:49.759Z
52531,146.207972,132.991646,633,13712,2015-10-15T10:30:26.698Z
52531,166.909854,146.207972,633,13712,2015-10-15T10:32:24.860Z
42039,401.203288,435.261842,633,13712,2015-11-08T10:15:26.380Z
42039,435.261842,476.751803,633,13712,2015-11-08T10:15:29.396Z
42039,476.751803,492.095394,633,13712,2015-11-08T10:15:32.377Z
42039,492.095394,562.056651,633,13712,2015-11-08T10:15:35.378Z
42039,562.056651,609.0131260000001,633,13712,2015-11-08T10:15:38.377Z
43524,328.434943,333.601678,633,13712,2015-10-21T15:01:47.729Z
43524,397.302154,402.500544,633,13712,2015-10-21T15:02:56.699Z
43524,409.433832,414.50297,633,13712,2015-10-21T15:03:08.701Z
43524,328.434943,333.601678,633,13712,2015-10-21T15:03:47.801Z
43524,397.302154,402.500544,633,13712,2015-10-21T15:04:56.747Z
43524,409.433832,414.50297,633,13712,2015-10-21T15:05:08.776Z
43524,529.601043,537.534444,633,13712,2015-10-21T15:05:12.618Z
25550,201.771566,174.150865,633,13712,2015-10-18T17:12:37.538Z
45260,2.757073347,30.87844827586207,633,13712,2015-10-11T02:17:02.659Z
37686,110.078458,98.992672,633,13712,2015-10-26T13:40:06.040Z
37686,98.992672,84.18422700000001,633,13712,2015-10-26T13:42:05.496Z
37686,84.18422700000001,68.11422399999999,633,13712,2015-10-26T13:45:58.948Z
37686,71.02050800000001,63.667648,633,13712,2015-10-26T13:46:05.553Z
37686,78.722545,93.265126,633,13712,2015-10-26T13:47:58.987Z
37686,195.073613,183.128099,633,13712,2015-10-26T13:48:05.603Z
37686,0.993492,253.3849137931035,633,13712,2015-10-26T14:11:44.793Z
37686,258.807512,429.055575,633,13712,2015-10-26T14:13:42.865Z
44223,16.3565,26.0665,633,13712,2015-10-07T02:44:16.441Z
44223,75.268,84.621,633,13712,2015-10-07T02:44:32.459Z
44223,84.621,98.7925,633,13712,2015-10-07T02:46:17.691Z
44223,103.294,112.6755,633,13712,2015-10-07T02:46:30.867Z
44223,126.174,135.497,633,13712,2015-10-07T02:46:37.544Z
44223,135.497,149.58,633,13712,2015-10-07T02:48:19.296Z
44223,212.6415,226.5445,633,13712,2015-10-07T02:50:16.571Z
44223,226.5445,235.7475,633,13712,2015-10-07T02:50:37.626Z
44223,235.7475,244.9475,633,13712,2015-10-07T02:52:18.131Z
44223,249.4475,258.8275,633,13712,2015-10-07T02:52:31.480Z
44223,258.8275,267.912,633,13712,2015-10-07T02:52:37.670Z
40309,4.681,11.421,633,13712,2015-10-11T11:44:31.982Z
40309,4.681,11.421,633,13712,2015-10-11T11:46:32.040Z
40309,26.0545,9.990086206896553,633,13712,2015-10-11T11:48:12.120Z
40309,134.703002,120.953845,633,13712,2015-10-11T12:18:12.821Z
40309,0,11.806466,633,13712,2015-10-23T05:04:31.345Z
54196,1.197,12.814,633,13712,2015-11-04T05:41:23.476Z
54196,12.814,50.631,633,13712,2015-11-04T05:43:17.413Z
54196,56.632,74.24299999999999,633,13712,2015-11-04T05:45:17.535Z
54196,272.142,324.636,633,13712,2015-11-04T05:49:18.935Z
54196,510.736,518.613998,633,13712,2015-11-04T05:49:25.515Z
54196,530.6129979999999,587.083998,633,13712,2015-11-04T05:55:20.003Z
54196,587.083998,609.329998,633,13712,2015-11-04T05:55:25.979Z
54196,510.736,518.613998,633,13712,2015-11-04T05:57:18.457Z
44353,632.181,2.213499,633,13712,2015-10-09T04:03:30.616Z
47239,97.541,158.025,633,13712,2015-10-16T13:58:53.388Z
44244,606.501,596.501,633,13712,2015-10-12T14:14:21.965Z
46946,437.316,511.325559,633,13712,2015-10-14T12:03:46.961Z
39578,10.098,20.888362,633,13712,2015-10-25T15:36:16.403Z
39578,128.846362,154.991241,633,13712,2015-10-25T15:40:01.403Z
39578,154.991241,177.679603,633,13712,2015-10-25T15:40:16.157Z
39578,180.699603,195.971586,633,13712,2015-10-25T15:42:01.424Z
39578,229.011586,189.522448,633,13712,2015-10-25T15:42:16.294Z
46941,12.058,0,633,13712,2015-10-10T15:35:23.197Z
46941,26.939,20.298172,633,13712,2015-10-10T15:37:23.324Z
46941,46.143741,22.526362,633,13712,2015-10-10T15:39:23.370Z
46941,22.526362,2.159,633,13712,2015-10-10T15:41:23.313Z
46941,173.521276,187.92969,633,13712,2015-10-10T15:43:23.649Z
46941,230.82869,207.578052,633,13712,2015-10-10T15:47:23.544Z
46941,194.258,170.561276,633,13712,2015-10-10T15:49:23.601Z
39489,286.518,294.558,633,13712,2015-10-25T00:13:50.543Z
39489,324.456,332.296,633,13712,2015-10-25T00:14:23.540Z
39489,362.174,369.872,633,13712,2015-10-25T00:14:56.550Z
39489,369.872,377.652,633,13712,2015-10-25T00:15:50.617Z
39489,286.518,294.558,633,13712,2015-10-25T00:16:24.013Z
39489,377.652,390.568,633,13712,2015-10-25T00:16:57.089Z
47786,14.891001,37.162422,633,13712,2015-11-08T11:19:06.301Z
426,18.167687,23.436053,633,13712,2015-10-09T11:56:03.528Z
426,18.167687,23.436053,633,13712,2015-10-09T11:58:03.644Z
426,576.568207,587.4023120000001,633,13712,2015-10-09T12:00:45.307Z
426,576.568207,587.4023120000001,633,13712,2015-10-09T12:02:45.373Z
32264,26.20000076293945,68.23300170898438,633,13712,2015-10-26T08:59:21.231Z
32264,71.23300170898438,22.20000076293945,633,13712,2015-10-26T09:01:21.342Z
32264,54.23300170898438,25.39999961853027,633,13712,2015-10-26T09:03:21.435Z
32264,26.20000076293945,68.23300170898438,633,13712,2015-10-26T09:05:21.504Z
43535,23.221,0,633,13712,2015-10-14T12:27:24.807Z
43535,23.221,0,633,13712,2015-10-14T12:29:24.852Z
43535,632.181,90.113907,633,13712,2015-10-14T12:39:01.767Z
43535,102.093907,94.46204478987332,633,13712,2015-10-14T12:45:31.674Z
43538,357.411629,348.334677,633,13712,2015-10-19T09:26:15.229Z
43538,348.334677,335.165927,633,13712,2015-10-19T09:28:15.493Z
43538,632.181,202.628831,633,13712,2015-10-19T09:31:27.250Z
43538,3.40922,48.856187,633,13712,2015-10-19T09:50:39.437Z
43538,0,87.06534499999999,633,13712,2015-11-01T06:41:46.549Z
43538,632.181,0,633,13712,2015-11-01T07:22:37.295Z
43840,314.8115,451.063569,633,13712,2015-10-26T04:15:44.962Z
45415,30.61043357849121,0,633,13712,2015-10-10T06:39:29.227Z
45419,298.190802,322.4073275862069,633,13712,2015-10-10T12:34:47.911Z
45419,322.4073275862069,357.826724,633,13712,2015-10-10T12:36:07.176Z
46679,0.819,15.439224,633,13712,2015-11-01T09:49:07.665Z
49338,4.802999,10.328145,633,13712,2015-10-18T10:02:57.721Z
45637,19.101473,2.000702,633,13712,2015-10-08T01:47:56.353Z
45637,19.101473,2.000702,633,13712,2015-10-08T01:49:56.434Z
37563,21.067548,38.727264,633,13712,2015-10-06T06:20:12.583Z
37563,38.727264,51.381609,633,13712,2015-10-06T06:20:15.782Z
37563,29.424795,16.503464,633,13712,2015-10-06T06:20:34.768Z
37563,57.212818,29.424795,633,13712,2015-10-06T06:22:11.815Z
37563,455.520926,467.959297,633,13712,2015-10-06T06:29:54.450Z
37563,483.000217,489.801505,633,13712,2015-10-06T06:30:12.437Z
37563,507.90046,520.266108,633,13712,2015-10-06T06:30:33.452Z
37563,526.423396,548.680836,633,13712,2015-10-06T06:30:42.481Z
37563,551.7886999999999,559.514012,633,13712,2015-10-06T06:30:48.480Z
37563,559.514012,551.768543,633,13712,2015-10-06T06:31:06.416Z
37563,455.520926,467.959297,633,13712,2015-10-06T06:31:54.466Z
42778,413.049548,393.11957,633,13712,2015-10-06T06:09:34.870Z
44696,168.362,155.674241,633,13712,2015-11-13T13:29:07.026Z
44696,161.674241,144.867775,633,13712,2015-11-13T13:29:13.027Z
44696,140.642258,122.591224,633,13712,2015-11-13T13:29:25.029Z
44696,192.390017,149.705103,633,13712,2015-11-13T13:30:37.083Z
44696,149.705103,123.459413,633,13712,2015-11-13T13:30:40.083Z
44696,135.499413,121.826655,633,13712,2015-11-13T13:30:49.084Z
37219,230.201,207.975431,633,13712,2015-10-13T03:07:28.028Z
37219,207.975431,199.366345,633,13712,2015-10-13T03:09:27.033Z
37219,337.426345,293.706259,633,13712,2015-10-13T03:11:49.631Z
37219,293.706259,279.658845,633,13712,2015-10-13T03:13:27.081Z
18173,138.354388,98.259134,633,13712,2015-10-21T08:03:27.151Z
18173,103.907166,82.56987100000001,633,13712,2015-10-21T08:03:41.218Z
18173,0,126.102171,633,13712,2015-10-21T08:36:50.517Z
44163,632.181,547.371172,633,13712,2015-10-05T16:05:46.424Z
36342,625.312894,440.203781,633,13712,2015-10-23T09:25:49.163Z
47530,0,46.3176724137931,633,13712,2015-10-20T08:07:06.764Z
41957,4.8315,12.920847,633,13712,2015-10-08T23:58:30.603Z
41957,341.270847,326.274535,633,13712,2015-10-09T00:00:36.664Z
41957,326.274535,317.583549,633,13712,2015-10-09T00:02:30.358Z
41957,326.613549,313.626007,633,13712,2015-10-09T00:02:36.567Z
41957,313.626007,299.208298,633,13712,2015-10-09T00:04:30.397Z
47645,0,624.8344827586208,633,13712,2015-10-22T13:56:32.403Z
50192,10.614671662,195.149962077,633,13712,2015-10-21T15:40:18.375Z
50192,198.213921403,332.166474633,633,13712,2015-10-21T15:40:31.388Z
50193,346.522,362.044,633,13712,2015-11-02T05:27:40.654Z
39490,4.941,49.126862,633,13712,2015-10-12T12:07:32.932Z
48859,5.83193,0,633,13712,2015-11-12T03:09:18.234Z
39152,345.613438,328.681249,633,13712,2015-11-15T14:15:48.762Z
43949,345.898,328.513,633,13712,2015-11-07T02:51:36.390Z
43949,328.513,305.824,633,13712,2015-11-07T02:51:39.389Z
43949,305.824,293.501,633,13712,2015-11-07T02:51:42.390Z
43948,0,97.997293,633,13712,2015-11-08T05:59:09.292Z
43948,201.277293,466.809482,633,13712,2015-11-08T06:00:55.582Z
43948,466.809482,527.47462,633,13712,2015-11-08T06:00:58.605Z
32723,183.881,177.096982,633,13712,2015-11-12T02:43:56.429Z
32723,173.308844,159.166,633,13712,2015-11-12T02:44:02.449Z
32723,159.166,129.303931,633,13712,2015-11-12T02:44:05.432Z
32723,465.003931,507.181,633,13712,2015-11-12T02:49:44.170Z
32723,525.182,446.82931,633,13712,2015-11-12T02:50:05.170Z
32723,446.82931,425.765568,633,13712,2015-11-12T02:50:08.169Z
43494,14.9,1.32,633,13712,2015-10-17T15:06:21.635Z
42786,0,34.245017,633,13712,2015-11-04T12:59:44.938Z
42786,37.264017,45.284017,633,13712,2015-11-04T12:59:50.938Z
42786,45.284017,53.028017,633,13712,2015-11-04T12:59:53.948Z
42786,79.910017,15.42507,633,13712,2015-11-04T13:00:23.940Z
42786,18.42507,26.32607,633,13712,2015-11-04T13:00:29.940Z
42786,26.32607,34.22807,633,13712,2015-11-04T13:00:32.949Z
42786,40.22707,48.12807,633,13712,2015-11-04T13:00:41.940Z
42786,48.12807,60.91107,633,13712,2015-11-04T13:00:44.940Z
42786,60.91107,73.85207,633,13712,2015-11-04T13:00:47.960Z
42786,73.85207,81.63507,633,13712,2015-11-04T13:00:50.941Z
42786,81.63507,99.51806999999999,633,13712,2015-11-04T13:00:53.939Z
42786,141.29907,149.08007,633,13712,2015-11-04T13:01:38.931Z
42786,149.08007,162.00307,633,13712,2015-11-04T13:01:41.935Z
42786,204.02307,181.50807,633,13712,2015-11-04T13:02:26.932Z
42786,481.27007,453.847637,633,13712,2015-11-04T13:07:34.789Z
42786,453.847637,432.174706,633,13712,2015-11-04T13:07:37.788Z
42786,432.174706,440.075706,633,13712,2015-11-04T13:07:40.808Z
42786,602.115706,628.868241,633,13712,2015-11-04T13:10:26.003Z
43540,4.801768,22.534283,633,13712,2015-10-26T13:11:12.164Z
43013,330.759,282.787,633,13712,2015-10-17T06:19:39.977Z
43544,0,479.940138,633,13712,2015-10-13T17:40:43.535Z
42012,7.216,12.932,633,13712,2015-10-18T05:16:04.546Z
42012,331.012,346.401545,633,13712,2015-10-18T05:18:46.547Z
42012,352.399545,367.888272,633,13712,2015-10-18T05:20:01.703Z
42012,403.924272,417.293886,633,13712,2015-10-18T05:20:46.597Z
42012,1.319,304.861534,633,13712,2015-10-18T05:26:10.205Z
42012,0,193.883396,633,13712,2015-11-15T13:18:59.252Z
42012,203.400396,75.379741,633,13712,2015-11-15T13:19:11.260Z
42012,75.379741,52.250051,633,13712,2015-11-15T13:19:14.287Z
42012,52.250051,14.872655,633,13712,2015-11-15T13:19:17.260Z
42012,0,33.093826,633,13712,2015-11-15T13:26:22.644Z
42012,36.093826,41.550826,633,13712,2015-11-15T13:26:28.645Z
42012,119.592826,130.691181,633,13712,2015-11-15T13:27:10.669Z
42012,130.691181,146.45909,633,13712,2015-11-15T13:27:13.672Z
42012,158.45709,170.338636,633,13712,2015-11-15T13:27:22.658Z
42012,170.338636,196.834977,633,13712,2015-11-15T13:27:25.654Z
42012,208.838977,248.8380681818182,633,13712,2015-11-15T13:27:34.656Z
42012,248.8380681818182,270.596795,633,13712,2015-11-15T13:27:37.684Z
42012,0,118.064655,633,13712,2015-11-15T13:33:36.636Z
42012,154.802655,180.737551,633,13712,2015-11-15T13:34:09.655Z
42012,180.737551,227.955603,633,13712,2015-11-15T13:34:12.639Z
42012,227.955603,276.643086,633,13712,2015-11-15T13:34:15.640Z
42012,282.641086,299.009448,633,13712,2015-11-15T13:34:21.641Z
42012,359.049448,373.905948,633,13712,2015-11-15T13:34:54.640Z
42012,373.905948,413.596103,633,13712,2015-11-15T13:34:57.641Z
42012,413.596103,437.830655,633,13712,2015-11-15T13:35:00.667Z
42012,449.830655,467.454724,633,13712,2015-11-15T13:35:09.640Z
41947,361.637,369.154,633,13712,2015-10-17T23:17:50.033Z
41947,397.931,405.788,633,13712,2015-10-17T23:19:48.618Z
41947,606.908,614.4690000000001,633,13712,2015-10-17T23:21:45.455Z
38031,340.117,327.037986,633,13712,2015-10-11T18:14:10.026Z
38031,327.037986,315.329868,633,13712,2015-10-11T18:14:13.023Z
38031,0.68,12.146465,633,13712,2015-10-25T06:25:14.227Z
38031,57.466465,66.375951,633,13712,2015-10-25T06:27:10.534Z
38031,66.375951,73.914919,633,13712,2015-10-25T06:27:14.338Z
38031,77.051919,89.22166900000001,633,13712,2015-10-25T06:29:10.889Z
38031,98.241669,108.3235887096774,633,13712,2015-10-25T06:29:14.308Z
38031,126.261588,149.95383,633,13712,2015-10-25T06:31:14.397Z
38031,204.11183,216.030782,633,13712,2015-10-25T06:33:14.413Z
38031,222.050782,234.336112,633,13712,2015-10-25T06:35:09.691Z
38031,267.280112,279.383943,633,13712,2015-10-25T06:37:11.114Z
38031,285.382943,298.184669,633,13712,2015-10-25T06:37:14.863Z
38031,300.663669,313.501209,633,13712,2015-10-25T06:41:09.737Z
38031,313.501209,331.488346,633,13712,2015-10-25T06:41:13.211Z
52596,87.4145,103.602051,633,13712,2015-10-25T12:30:24.951Z
52596,103.602051,118.199896,633,13712,2015-10-25T12:31:08.909Z
52596,185.579896,197.950155,633,13712,2015-10-25T12:32:25.055Z
52596,197.950155,208.463862,633,13712,2015-10-25T12:33:08.963Z
52596,212.918862,220.444896,633,13712,2015-10-25T12:34:25.117Z
52596,220.444896,250.563655,633,13712,2015-10-25T12:36:17.906Z
52596,250.563655,269.071067,633,13712,2015-10-25T12:36:46.484Z
52596,300.392567,327.003086,633,13712,2015-10-25T12:38:46.536Z
52596,327.003086,367.81681,633,13712,2015-10-25T12:40:39.165Z
52596,103.602051,118.199896,633,13712,2015-10-25T12:41:09.237Z
52596,394.62481,416.913862,633,13712,2015-10-25T12:42:39.217Z
52596,434.807362,459.709086,633,13712,2015-10-25T12:44:39.270Z
52596,459.709086,480.852568,633,13712,2015-10-25T12:45:09.389Z
52596,480.852568,507.326448,633,13712,2015-10-25T12:46:25.510Z
52596,552.326448,583.965948275862,633,13712,2015-10-25T12:47:09.444Z
52596,601.6089480000001,619.671965,633,13712,2015-10-25T12:48:47.363Z
38800,628.299514,256.081805,633,13712,2015-10-18T12:57:50.112Z
39819,1.483096,8.350242,633,13712,2015-10-09T16:17:43.363Z
42768,344.043923,357.969241,633,13712,2015-10-09T01:07:51.329Z
42768,357.969241,371.126562,633,13712,2015-10-09T01:08:07.008Z
44112,13.68,21.905,633,13712,2015-10-26T11:20:45.881Z
44112,21.905,35.305,633,13712,2015-10-26T11:21:24.372Z
44112,234.005,247.405,633,13712,2015-10-26T11:23:26.770Z
44112,259.755,268.405,633,13712,2015-10-26T11:24:46.269Z
44112,272.155,280.63,633,13712,2015-10-26T11:25:26.893Z
44112,290.305,299.255,633,13712,2015-10-26T11:26:46.343Z
44112,312.405,325.855,633,13712,2015-10-26T11:28:46.404Z
44112,389.03,397.655,633,13712,2015-10-26T11:30:46.485Z
44112,420.18,428.705,633,13712,2015-10-26T11:31:27.126Z
44112,439.955,393.105,633,13712,2015-10-26T11:34:46.449Z
44112,393.105,355.155,633,13712,2015-10-26T11:37:24.943Z
44112,355.155,343.255,633,13712,2015-10-26T11:38:46.653Z
44112,347.005,340.305,633,13712,2015-10-26T11:40:46.660Z
44112,340.305,387.381276,633,13712,2015-10-26T11:43:27.828Z
44112,387.381276,414.981276,633,13712,2015-10-26T11:45:27.913Z
44112,455.331276,468.556276,633,13712,2015-10-26T11:48:47.095Z
44112,468.556276,482.206276,633,13712,2015-10-26T11:50:46.525Z
44112,527.231276,560.006276,633,13712,2015-10-26T11:52:47.119Z
44112,632.181,0,633,13712,2015-10-26T11:53:28.184Z
44112,0,212.56681,633,13712,2015-10-26T11:54:47.235Z
44112,222.397796,240.897796,633,13712,2015-10-26T12:00:47.424Z
44112,240.897796,273.349071,633,13712,2015-10-26T12:03:26.934Z
48070,3.617377,13.798482,633,13712,2015-10-25T07:59:46.179Z
48070,97.890545,29.062068,633,13712,2015-10-25T07:59:51.592Z
48070,29.062068,9.611089,633,13712,2015-10-25T08:01:50.600Z
48070,264.670707,282.446982,633,13712,2015-10-25T08:03:50.095Z
48070,282.446982,299.736004,633,13712,2015-10-25T08:05:45.005Z
48070,428.748954,465.250009,633,13712,2015-10-25T08:05:57.165Z
49852,194.007489,179.055684,633,13712,2015-10-14T07:36:25.650Z
49852,353.174683,368.741552,633,13712,2015-10-14T07:37:39.102Z
39638,561.159999,547.591985,633,13712,2015-10-10T18:27:38.632Z
47496,632.181,567.618534,633,13712,2015-10-18T07:14:18.399Z
33947,320.724,313.265,633,13712,2015-10-08T09:22:13.394Z
33947,574.7859999999999,561.9690000000001,633,13712,2015-10-08T09:25:33.831Z
40850,32.481,11.599276,633,13712,2015-10-12T14:24:23.909Z
40850,632.181,534.857517,633,13712,2015-10-12T14:42:21.714Z
40850,545.821983,532.1991379999999,633,13712,2015-10-12T14:44:42.147Z
40850,632.181,534.857517,633,13712,2015-10-12T14:46:04.863Z
30368,407.089505,425.856543,633,13712,2015-10-15T07:48:29.400Z
4188,10.162,457.454412,633,13712,2015-11-01T07:42:10.216Z
34041,0.927219,80.987223,633,13712,2015-10-05T12:28:32.771Z
34041,92.828913,6.466584,633,13712,2015-10-05T12:30:28.990Z
34048,130.501,138.16,633,13712,2015-10-25T06:39:55.737Z
34048,186.201,168.861,633,13712,2015-10-25T06:41:53.855Z
47259,627.1178190000001,0,633,13712,2015-10-07T06:23:47.482Z
43229,8.913857,18.125854,633,13712,2015-11-02T04:39:37.879Z
43229,8.913857,18.125854,633,13712,2015-11-02T04:41:37.896Z
43229,391.875853,401.296824,633,13712,2015-11-02T04:43:50.034Z
43229,401.296824,410.265018,633,13712,2015-11-02T04:43:53.038Z
47070,85.367071,97.192877,633,13712,2015-10-14T05:54:46.237Z
32601,13.141,24.922121,633,13712,2015-10-11T13:24:57.111Z
32601,30.922121,39.960345,633,13712,2015-10-11T13:26:56.475Z
32601,85.141345,90.53177599999999,633,13712,2015-10-11T13:28:36.190Z
32601,90.53177599999999,97.520914,633,13712,2015-10-11T13:28:56.521Z
32601,100.520914,109.215569,633,13712,2015-10-11T13:30:36.236Z
32601,193.255569,198.866345,633,13712,2015-10-11T13:32:38.475Z
32601,198.866345,204.983672,633,13712,2015-10-11T13:32:57.484Z
43317,354.098,367.118431,633,13712,2015-10-30T14:57:58.030Z
43317,373.138431,403.614206,633,13712,2015-10-30T14:59:56.699Z
43318,13.284,21.698,633,13712,2015-10-24T12:33:45.406Z
43318,21.698,35.796,633,13712,2015-10-24T12:35:45.970Z
50146,368.28625,386.315,633,13712,2015-10-14T01:40:22.542Z
39046,457.618,403.514251,633,13712,2015-10-24T13:33:13.998Z
39046,403.514251,393.443675,633,13712,2015-10-24T13:33:16.996Z
43957,64.541,136.544863,633,13712,2015-10-27T11:55:15.171Z
43957,160.564863,105.046909,633,13712,2015-10-27T11:57:12.908Z
43957,141.146909,204.309863,633,13712,2015-10-27T11:58:07.638Z
43957,204.309863,274.913272,633,13712,2015-10-27T11:59:15.290Z
43487,0,29.970258,633,13712,2015-10-24T13:39:17.608Z
43487,56.463258,123.649431,633,13712,2015-10-24T13:41:17.244Z
43487,123.649431,167.730954,633,13712,2015-10-24T13:43:14.538Z
37026,0,204.3426724137931,633,13712,2015-10-08T16:00:49.117Z
37026,257.980504,158.025,633,13712,2015-10-08T16:02:48.684Z
37026,361.521024,400.898613,633,13712,2015-10-08T16:05:13.143Z
37026,409.919361,423.711015,633,13712,2015-10-08T16:06:46.200Z
31462,281.31204,263.243971,633,13712,2015-10-12T06:48:47.695Z
31462,281.31204,263.243971,633,13712,2015-10-12T06:50:47.717Z
25502,4.401,9.762,633,13712,2015-10-23T16:56:58.309Z
42375,528.741,422.65281,633,13712,2015-10-24T13:52:47.161Z
44211,3.708827,24.401395,633,13712,2015-11-02T01:42:41.014Z
44211,27.881922,17.255603,633,13712,2015-11-02T01:44:44.019Z
49195,249.22125,257.47125,633,13712,2015-10-25T01:42:14.048Z
49195,257.47125,266.0725,633,13712,2015-10-25T01:42:43.982Z
49195,273.57375,282.22375,633,13712,2015-10-25T01:43:41.225Z
49195,308.47375,326.55125,633,13712,2015-10-25T01:44:44.025Z
42752,388.279999,366.395862,633,13712,2015-10-22T07:38:52.964Z
42752,372.395862,317.866379,633,13712,2015-10-22T07:39:36.468Z
10754,413.813213,390.521552,633,13712,2015-11-10T09:04:28.331Z
45760,221.984494,44.244199,633,13712,2015-10-09T14:14:12.675Z
45760,47.250117,16.347414,633,13712,2015-10-09T14:16:11.749Z
45760,208.58782,254.462667,633,13712,2015-10-09T14:18:11.698Z
45760,254.462667,294.170043,633,13712,2015-10-09T14:18:26.254Z
45760,294.170043,399.6034482758621,633,13712,2015-10-09T14:20:12.764Z
45760,399.6034482758621,501.063596,633,13712,2015-10-09T14:22:12.792Z
45760,501.063596,594.505545,633,13712,2015-10-09T14:24:12.820Z
45766,133.499,73.144983,633,13712,2015-10-13T14:45:02.306Z
48661,0,630.281887070886,633,13712,2015-10-26T06:12:02.757Z
48260,17.98,28.78,633,13712,2015-10-08T06:31:35.915Z
48260,227,234.38,633,13712,2015-10-08T06:34:56.957Z
48260,234.38,247.14,633,13712,2015-10-08T06:35:14.652Z
48260,250.14,262.78,633,13712,2015-10-08T06:36:56.975Z
48260,265.82,283.32,633,13712,2015-10-08T06:37:35.329Z
44747,54.141,46.803,633,13712,2015-10-19T16:34:54.381Z
44747,46.803,23.646,633,13712,2015-10-19T16:36:54.432Z
44747,284.587,261.728,633,13712,2015-10-19T16:43:32.853Z
44747,513.328,506.028999,633,13712,2015-10-19T16:48:38.826Z
44747,557.128999,549.490999,633,13712,2015-10-19T16:50:38.875Z
44217,224.4535,197.0595,633,13712,2015-10-12T15:12:02.840Z
44217,197.0595,158.8885,633,13712,2015-10-12T15:15:51.284Z
49845,37.437,50.314,633,13712,2015-10-14T06:57:28.545Z
49845,50.314,72.822,633,13712,2015-10-14T06:59:28.565Z
40136,4.917666,10.343289,633,13712,2015-10-11T13:51:34.638Z
40136,46.140083,64.481466,633,13712,2015-10-11T13:53:26.069Z
39540,15.141,556.733069,633,13712,2015-10-11T02:35:27.339Z
39540,556.733069,542.189224137931,633,13712,2015-10-11T02:37:07.472Z
39540,571.750224,539.645655,633,13712,2015-10-11T02:39:07.512Z
41620,388.801,374.606948,633,13712,2015-10-21T07:10:24.400Z
41620,377.606948,354.193965,633,13712,2015-10-21T07:10:30.403Z
41620,354.193965,362.620482,633,13712,2015-10-21T07:12:24.433Z
20336,38.382,18.990414,633,13712,2015-10-11T11:24:03.370Z
45960,145.662,118.111469,633,13712,2015-10-10T12:40:28.546Z
46515,22.337176033,6.816351646,633,13712,2015-10-28T06:35:52.627Z
31627,138.304773,117.416637,633,13712,2015-10-18T06:28:17.793Z
31627,219.486341,201.275444,633,13712,2015-10-18T06:30:02.781Z
31627,138.304773,117.416637,633,13712,2015-10-18T06:30:17.829Z
31627,219.486341,201.275444,633,13712,2015-10-18T06:32:02.998Z
31627,324.140656,300.191012,633,13712,2015-10-18T06:32:08.874Z
31627,303.203979,251.502165,633,13712,2015-10-18T06:32:14.845Z
31627,251.502165,291.021231,633,13712,2015-10-18T06:32:17.829Z
31627,324.140656,300.191012,633,13712,2015-10-18T06:34:08.929Z
31627,303.203979,251.502165,633,13712,2015-10-18T06:34:15.009Z
31627,431.821521,416.472013,633,13712,2015-10-18T06:34:41.933Z
31627,458.535114,435.200907,633,13712,2015-10-18T06:35:26.925Z
31627,431.821521,416.472013,633,13712,2015-10-18T06:36:42.017Z
31627,519.195632,498.960477,633,13712,2015-10-18T06:36:53.957Z
31627,458.535114,435.200907,633,13712,2015-10-18T06:37:26.970Z
31627,519.195632,498.960477,633,13712,2015-10-18T06:38:54.113Z
44818,451.64,469.283,633,13712,2015-10-12T09:01:49.248Z
44818,517.304,539.808,633,13712,2015-10-12T09:03:49.018Z
35079,12.434956,163.4741379310345,633,13712,2015-10-06T11:14:47.115Z
35079,165.933447,128.962931,633,13712,2015-10-06T11:16:31.360Z
35079,128.962931,91.734183,633,13712,2015-10-06T11:16:47.425Z
32700,0,19.990493,633,13712,2015-10-20T15:40:18.271Z
42561,3.681,9.402896999999999,633,13712,2015-10-11T03:09:13.052Z
38942,0,19.07198275862069,633,13712,2015-10-19T12:41:52.101Z
38942,187.46625,173.417045,633,13712,2015-10-19T12:47:57.244Z
43341,225.181,211.121,633,13712,2015-10-10T00:52:32.577Z
43341,211.361,180.434362,633,13712,2015-10-10T00:53:02.578Z
43341,180.434362,145.143155,633,13712,2015-10-10T00:54:32.777Z
43341,145.143155,76.287931,633,13712,2015-10-10T00:57:03.002Z
43341,76.287931,55.84419,633,13712,2015-10-10T00:58:33.160Z
43341,280.18419,253.657724,633,13712,2015-10-10T01:02:33.285Z
43341,376.597724,363.648672,633,13712,2015-10-10T01:04:33.274Z
43341,366.708672,354.246776,633,13712,2015-10-10T01:06:33.463Z
43341,354.246776,309.525483,633,13712,2015-10-10T01:07:05.041Z
43341,309.525483,289.30531,633,13712,2015-10-10T01:08:35.789Z
43341,289.30531,280.615224,633,13712,2015-10-10T01:09:05.255Z
43341,358.395224,323.3155172413793,633,13712,2015-10-10T01:10:36.202Z
42693,14.095,26.867,633,13712,2015-10-11T16:29:14.966Z
42693,26.867,34.743,633,13712,2015-10-11T16:30:58.069Z
49619,1.422143,444.381964,633,13712,2015-10-21T12:50:23.565Z
49619,2.478674,8.193792999999999,633,13712,2015-10-21T13:17:53.163Z
49619,422.131353,447.785815,633,13712,2015-10-21T13:23:28.334Z
52558,625.23625,616.607353,633,13712,2015-10-12T12:37:55.087Z
49612,0,316.77,633,13712,2015-10-21T14:12:58.285Z
49612,316.77,242.019448,633,13712,2015-10-21T14:14:58.304Z
45519,559.077,510.888,633,13712,2015-10-12T14:03:22.085Z
42741,18.2665,2.0865,633,13712,2015-10-06T14:16:26.725Z
42742,0,55.39956896551725,633,13712,2015-10-09T16:49:43.021Z
42742,0.102018,11.634238,633,13712,2015-10-22T08:25:22.144Z
42742,14.567435,42.867361,633,13712,2015-10-22T08:27:17.994Z
42742,0.102018,11.634238,633,13712,2015-10-22T08:29:18.035Z
45778,570.361,411.401724,633,13712,2015-10-10T11:45:14.925Z
45778,411.401724,285.475172,633,13712,2015-10-10T11:47:13.684Z
45778,508.136172,79.0125,633,13712,2015-10-10T11:51:23.971Z
45778,79.0125,42.684914,633,13712,2015-10-10T11:51:26.950Z
45778,0,34.511207,633,13712,2015-10-10T12:13:36.481Z
45283,19.100884,70.43375399999999,633,13712,2015-10-26T13:56:05.814Z
45603,256.2515,265.543,633,13712,2015-11-12T00:55:24.278Z
45603,265.543,274.8345,633,13712,2015-11-12T00:55:27.260Z
45603,274.8345,289.0375,633,13712,2015-11-12T00:55:30.227Z
45603,352.0675,361.4775,633,13712,2015-11-12T00:56:15.894Z
45603,365.889,375.0905,633,13712,2015-11-12T00:56:21.383Z
45603,379.5905,388.822,633,13712,2015-11-12T00:56:27.166Z
45603,388.822,407.8165,633,13712,2015-11-12T00:56:30.297Z
45609,31.94,42.624355,633,13712,2015-10-14T03:57:27.331Z
45609,45.624355,54.874522,633,13712,2015-10-14T03:59:00.475Z
45609,54.874522,68.10346,633,13712,2015-10-14T03:59:34.751Z
45609,83.12446,92.721335,633,13712,2015-10-14T04:03:26.144Z
41325,10.681,20.484793,633,13712,2015-10-26T11:15:55.270Z
41325,10.681,20.484793,633,13712,2015-10-26T11:17:55.295Z
41325,327.704793,336.282982,633,13712,2015-10-26T11:21:05.284Z
41325,342.281982,354.018586,633,13712,2015-10-26T11:21:14.292Z
41325,372.038586,379.904275,633,13712,2015-10-26T11:23:12.340Z
41322,43.355539,411.409913,633,13712,2015-11-12T14:56:38.712Z
34840,19.701,32.481,633,13712,2015-10-26T13:51:03.774Z
34840,4.421,22.163,633,13712,2015-10-29T14:31:36.413Z
34840,22.163,29.865,633,13712,2015-10-29T14:31:45.313Z
33965,632.181,18.804793,633,13712,2015-10-19T07:11:52.754Z
31707,15.74003,434.208467,633,13712,2015-10-11T05:45:59.163Z
31707,434.208467,626.581821,633,13712,2015-10-11T05:46:01.942Z
45970,118.687888,53.687888,633,13712,2015-10-05T01:42:17.682Z
45970,53.687888,18.687888,633,13712,2015-10-05T01:42:21.387Z
37866,37.221,44.325913,633,13712,2015-11-01T08:23:05.241Z
37863,64.18125000000001,87.19374999999999,633,13712,2015-10-18T03:24:17.164Z
39284,78.46625160000001,150.9415692,633,13712,2015-10-17T02:57:55.994Z
39284,237.1606521,268.905744,633,13712,2015-10-17T02:59:56.657Z
39282,433.169741,485.68227,633,13712,2015-10-05T09:57:36.898Z
39281,433.24,423.24,633,13712,2015-10-11T05:42:35.447Z
39281,420.482,408.024,633,13712,2015-10-11T05:44:37.027Z
26884,427.341,440.062,633,13712,2015-10-07T14:55:35.319Z
55447,18.433469,37.500461,633,13712,2015-11-06T05:12:56.931Z
55447,37.500461,77.19611999999999,633,13712,2015-11-06T05:12:59.928Z
55447,77.19611999999999,143.493965,633,13712,2015-11-06T05:13:02.929Z
55447,143.493965,209.79181,633,13712,2015-11-06T05:13:05.929Z
55447,209.79181,230.033698,633,13712,2015-11-06T05:13:08.933Z
55447,230.033698,262.034016,633,13712,2015-11-06T05:13:11.958Z
55447,262.034016,310.333506,633,13712,2015-11-06T05:13:14.935Z
55447,310.333506,346.928448,633,13712,2015-11-06T05:13:17.895Z
55447,346.928448,375.433887,633,13712,2015-11-06T05:13:20.897Z
55447,396.500055,494.633766,633,13712,2015-11-06T05:13:44.974Z
55447,494.633766,563.533753,633,13712,2015-11-06T05:13:47.903Z
43371,182.721,0,633,13712,2015-10-10T07:37:26.721Z
43371,435.681,421.4,633,13712,2015-10-11T08:07:19.124Z
43371,421.4,413.459103,633,13712,2015-10-11T08:07:22.124Z
43371,428.459103,412.070914,633,13712,2015-10-11T08:09:20.634Z
43371,412.070914,386.473414,633,13712,2015-10-11T08:11:19.327Z
43378,428.532961322,385.21458117,633,13712,2015-10-17T15:48:38.798Z
43378,421.392211569,358.965550166,633,13712,2015-10-17T15:49:17.969Z
43378,358.965550166,263.013133309,633,13712,2015-10-17T15:49:21.119Z
43378,263.013133309,278.54935394,633,13712,2015-10-17T15:50:39.180Z
43378,332.4102888888889,533.733841268,633,13712,2015-10-17T16:42:11.533Z
43378,536.759681421,517.4978637695312,633,13712,2015-10-17T16:42:17.722Z
43378,517.4978637695312,429.53466796875,633,13712,2015-10-17T16:42:20.634Z
43378,429.53466796875,391.851737059,633,13712,2015-10-17T16:42:24.184Z
43379,2.538,541.281034,633,13712,2015-10-24T07:35:58.748Z
43379,2.538,541.281034,633,13712,2015-10-24T07:37:58.764Z
5827,0,131.6874991338829,633,13712,2015-10-26T00:49:16.144Z
39261,0,14.431548,633,13712,2015-10-06T11:52:19.172Z
39261,14.171548,19.628935,633,13712,2015-10-06T11:54:25.178Z
39261,19.628935,27.527935,633,13712,2015-10-06T11:56:21.475Z
49044,284.155,277.60625,633,13712,2015-10-18T16:41:06.522Z
49044,496.8825,489.585,633,13712,2015-10-18T16:47:04.623Z
49044,1.66,38.135775,633,13712,2015-10-24T06:30:54.050Z
49044,38.135775,1.42,633,13712,2015-10-24T06:32:49.320Z
49044,1.66,38.135775,633,13712,2015-10-24T06:32:54.072Z
49044,184.005,214.832758,633,13712,2015-10-24T06:34:49.410Z
42350,19.182,27.067,633,13712,2015-10-12T17:26:34.571Z
42350,33.065,50.867,633,13712,2015-10-12T17:27:42.541Z
42350,50.867,107.273,633,13712,2015-10-12T17:32:42.758Z
43113,295.559054,350.131959,633,13712,2015-10-25T11:39:58.734Z
43113,450.1121553,504.5076431,633,13712,2015-10-25T11:42:13.734Z
43113,510.5078785,472.6728786,633,13712,2015-10-25T11:42:23.414Z
43113,481.6728697,497.3943164,633,13712,2015-10-25T11:42:35.966Z
43113,506.5588692,526.3891159999999,633,13712,2015-10-25T11:44:15.636Z
38827,0,609.3952586206897,633,13712,2015-10-09T08:05:47.184Z
43600,1.701,9.542,633,13712,2015-10-25T05:19:45.208Z
53227,182.181,138.953017,633,13712,2015-10-31T03:07:01.404Z
53227,141.334017,134.904879,633,13712,2015-10-31T03:07:07.406Z
53227,137.904879,125.562982,633,13712,2015-10-31T03:09:05.712Z
53227,141.334017,134.904879,633,13712,2015-10-31T03:11:01.534Z
53227,313.270051,304.243534,633,13712,2015-10-31T03:13:07.589Z
6,0,173.464224,633,13712,2015-10-05T11:53:37.429Z
36434,115.685954,123.388115,633,13712,2015-10-20T02:26:15.134Z
36434,123.388115,131.315667,633,13712,2015-10-20T02:26:24.830Z
36434,137.309182,145.195148,633,13712,2015-10-20T02:28:12.306Z
36434,175.000187,187.765203,633,13712,2015-10-20T02:28:19.349Z
41192,194.13482,175.233825,633,13712,2015-10-10T07:52:01.949Z
41192,218.467011,194.13482,633,13712,2015-10-10T07:53:13.103Z
41192,185.267385,159.170108,633,13712,2015-10-10T07:57:12.825Z
40111,152.4935,17.750566,633,13712,2015-10-08T23:21:06.869Z
40111,632.181,223.857808,633,13712,2015-10-09T09:50:07.018Z
40111,632.181,223.857808,633,13712,2015-10-09T09:52:07.117Z
40111,367.917808,27.24884232159319,633,13712,2015-10-09T09:52:31.103Z
40111,185.628842,156.891773,633,13712,2015-10-09T09:55:13.252Z
40111,185.628842,156.891773,633,13712,2015-10-09T09:57:18.425Z
40111,366.971773,334.820566,633,13712,2015-10-09T09:58:45.539Z
45940,267.348189,212.410227,633,13712,2015-10-25T11:02:15.223Z
45940,212.410227,195.823543,633,13712,2015-10-25T11:02:38.976Z
43040,4.968322,10.215378,633,13712,2015-10-08T02:03:48.339Z
47264,16.33424,24.034195,633,13712,2015-10-25T07:44:07.275Z
47264,30.201179,67.368476,633,13712,2015-10-25T07:47:47.926Z
47737,190.616,157.852,633,13712,2015-11-10T12:52:07.746Z
47737,160.828,153.704,633,13712,2015-11-10T12:52:13.745Z
47737,153.704,131.003999,633,13712,2015-11-10T12:52:16.746Z
38681,13.600181,21.272596,633,13712,2015-10-22T13:40:54.966Z
43346,149.190408,138.12308,633,13712,2015-10-07T15:10:16.314Z
43346,218.456727,207.421366,633,13712,2015-10-07T15:14:04.412Z
43346,210.105004,218.854815,633,13712,2015-10-07T15:16:15.648Z
43346,249.633311,238.259802,633,13712,2015-10-07T15:18:04.443Z
43346,238.259802,226.032826,633,13712,2015-10-07T15:18:37.952Z
43346,562.773605,546.199161,633,13712,2015-10-07T15:34:12.238Z
43346,626.251307,612.6779289999999,633,13712,2015-10-07T15:36:12.253Z
43901,218.000408,88.33412300000001,633,13712,2015-10-15T13:10:20.215Z
43901,218.000408,88.33412300000001,633,13712,2015-10-15T13:12:20.232Z
43901,89.868636,142.067649,633,13712,2015-10-15T13:22:06.772Z
43901,142.067649,175.534072,633,13712,2015-10-15T13:24:06.789Z
43901,175.534072,223.801113,633,13712,2015-10-15T13:26:05.397Z
43901,89.868636,142.067649,633,13712,2015-10-15T13:28:04.629Z
43364,524.1915,471.109573,633,13712,2015-10-11T15:11:45.252Z
43364,471.916844,525.392595,633,13712,2015-10-11T15:15:44.687Z
38858,0,28.15387931034483,633,13712,2015-10-30T15:00:39.517Z
45570,277.743,287.389931,633,13712,2015-10-13T13:35:26.345Z
42482,32.702,43.504,633,13712,2015-10-14T03:38:28.616Z
42482,43.504,58.828,633,13712,2015-10-14T03:38:38.517Z
42482,64.828,80.79000000000001,633,13712,2015-10-14T03:40:28.842Z
42482,80.79000000000001,91.154,633,13712,2015-10-14T03:42:43.664Z
42482,97.154,117.718,633,13712,2015-10-14T03:44:29.291Z
42482,119.722,12.714655,633,13712,2015-10-14T03:46:29.521Z
42482,8.081,13.342,633,13712,2015-10-14T03:51:26.857Z
42482,8.081,13.342,633,13712,2015-10-14T03:53:27.100Z
42482,148.454,127.784,633,13712,2015-10-14T04:12:21.862Z
15424,304.307979,534.068253,633,13712,2015-11-11T11:28:54.559Z
48650,394.303,404.696613,633,13712,2015-10-13T10:45:50.444Z
48650,404.696613,430.672079,633,13712,2015-10-13T10:47:50.495Z
49251,70.47799999999999,212.00981,633,13712,2015-10-08T08:27:05.548Z
49251,212.00981,247.869207,633,13712,2015-10-08T08:28:21.833Z
46977,15.655988147,21.590627938,633,13712,2015-10-12T22:40:38.303Z
46977,30.65055523,5.411569474,633,13712,2015-10-12T22:42:12.915Z
46977,29.40474172,16.165940263,633,13712,2015-10-13T00:21:23.094Z
45379,3.897,9.282,633,13712,2015-10-13T13:18:29.785Z
45379,3.897,9.282,633,13712,2015-10-13T13:20:29.803Z
42655,163.064412,141.09994,633,13712,2015-10-06T14:35:42.689Z
42655,370.751507,354.143327,633,13712,2015-10-06T14:38:00.739Z
42655,632.181,367.883784,633,13712,2015-10-06T14:44:45.348Z
42655,367.883784,333.709309,633,13712,2015-10-06T14:44:48.331Z
42655,632.181,367.883784,633,13712,2015-10-06T14:46:45.406Z
42655,435.453086,404.404633,633,13712,2015-10-06T14:51:34.240Z
42655,427.078777,380.531466,633,13712,2015-10-06T14:52:40.864Z
24094,201.136575,182.933852,633,13712,2015-10-26T13:18:30.580Z
24094,180.367184,167.834983,633,13712,2015-10-26T13:20:29.590Z
24094,201.136575,182.933852,633,13712,2015-10-26T13:21:03.686Z
24094,563.633735,582.767527,633,13712,2015-10-26T13:25:15.531Z
24094,582.767527,623.0181034482758,633,13712,2015-10-26T13:25:18.871Z
24094,563.633735,582.767527,633,13712,2015-10-26T13:27:16.679Z
24094,582.767527,623.0181034482758,633,13712,2015-10-26T13:29:14.910Z
41077,281.1575,261.764527,633,13712,2015-10-10T09:49:23.835Z
37264,5.667414,321.300943,633,13712,2015-10-11T09:21:22.101Z
44159,318.881,296.803365,633,13712,2015-10-05T15:37:33.057Z
44159,296.803365,279.957731,633,13712,2015-10-05T15:39:22.115Z
44159,279.957731,219.141506,633,13712,2015-10-05T15:41:22.011Z
44159,222.846128,73.32263500000001,633,13712,2015-10-05T15:42:31.717Z
44159,76.32263500000001,314.699359,633,13712,2015-10-05T15:43:22.838Z
30233,1.659,14.017,633,13712,2015-10-25T14:00:19.123Z
30233,14.017,26.755,633,13712,2015-10-25T14:00:22.163Z
30233,45.415,28.031999,633,13712,2015-10-25T14:02:21.353Z
30233,107.464998,113.636998,633,13712,2015-10-25T14:11:21.626Z
30233,113.636998,131.241998,633,13712,2015-10-25T14:13:20.162Z
30233,131.241998,143.972998,633,13712,2015-10-25T14:13:22.563Z
30233,143.972998,166.432998,633,13712,2015-10-25T14:15:22.096Z
30233,214.332758,220.082758,633,13712,2015-10-25T14:17:21.238Z
30233,316.902758,322.777758,633,13712,2015-10-25T14:21:56.609Z
47454,296.68125,305.2825,633,13712,2015-10-31T07:22:28.573Z
47454,305.2825,318.785,633,13712,2015-10-31T07:22:31.596Z
47454,318.785,327.38625,633,13712,2015-10-31T07:24:26.747Z
47454,623.78625,506.614413,633,13712,2015-10-31T07:26:34.604Z
39510,48.24125,56.8675,633,13712,2015-10-08T13:34:55.826Z
39510,56.8675,70.37,633,13712,2015-10-08T13:36:06.413Z
39510,70.37,78.97125,633,13712,2015-10-08T13:36:44.503Z
39510,82.69750000000001,95.90125,633,13712,2015-10-08T13:38:40.898Z
39510,99.35375000000001,107.80375,633,13712,2015-10-08T13:39:14.897Z
45954,145.721,138.263413,633,13712,2015-10-09T03:08:48.767Z
45954,138.263413,132.088558,633,13712,2015-10-09T03:09:16.955Z
45954,321.069558,295.427618,633,13712,2015-10-09T03:12:37.964Z
45954,298.587618,305.879014,633,13712,2015-10-09T03:13:24.194Z
45954,305.879014,315.57041,633,13712,2015-10-09T03:15:24.241Z
45954,0,504.132630580968,633,13712,2015-10-09T03:45:17.888Z
31723,631.3346557617188,1.657488942146301,633,13712,2015-10-08T05:49:28.561Z
45952,582.799,559.653,633,13712,2015-10-14T02:43:45.061Z
30127,17.581,26.381514,633,13712,2015-10-07T09:46:10.622Z
30127,35.402514,43.283514,633,13712,2015-10-07T09:46:39.864Z
30127,43.283514,50.850514,633,13712,2015-10-07T09:48:25.070Z
30127,179.770514,187.652514,633,13712,2015-10-07T09:50:39.927Z
34005,423.14,431.401897,633,13712,2015-10-13T08:25:19.920Z
34005,542.481897,549.946552,633,13712,2015-10-13T08:27:13.929Z
39466,72.712501,24.429644,633,13712,2015-11-04T02:36:59.326Z
39466,24.429644,14.711845,633,13712,2015-11-04T02:39:41.411Z
39466,14.711845,31.786637,633,13712,2015-11-04T02:40:59.917Z
30905,195.1945,168.015086,633,13712,2015-10-06T03:02:47.400Z
30905,173.896086,160.382379,633,13712,2015-10-06T03:04:17.156Z
30905,160.382379,148.487724,633,13712,2015-10-06T03:05:42.384Z
30905,151.487724,137.609448,633,13712,2015-10-06T03:06:35.149Z
30905,447.299362,434.15185,633,13712,2015-10-06T03:08:16.711Z
30905,434.15185,427.077995,633,13712,2015-10-06T03:08:35.305Z
24781,320.694048,310.309776,633,13712,2015-10-05T21:51:35.902Z
24781,310.309776,305.305779,633,13712,2015-10-05T21:51:38.907Z
24781,305.305779,299.272363,633,13712,2015-10-05T21:53:37.841Z
4230,0.541,197.381775,633,13712,2015-10-24T14:38:40.122Z
44655,20.512867492,101.7172413,633,13712,2015-11-01T09:23:47.381Z
44655,107.820231363,191.854259446,633,13712,2015-11-01T09:24:17.743Z
43354,324.8125,360.695454,633,13712,2015-11-13T13:11:01.779Z
43354,369.695454,437.647159,633,13712,2015-11-13T13:11:10.780Z
43354,442.327159,461.335227,633,13712,2015-11-13T13:11:16.791Z
43354,461.335227,537.240818,633,13712,2015-11-13T13:11:19.790Z
43354,541.740818,552.448295,633,13712,2015-11-13T13:11:25.792Z
43283,263.462548,231.832152,633,13712,2015-10-17T16:55:34.744Z
41072,340.282,90.830609,633,13712,2015-10-12T06:48:10.570Z
41072,110.131609,131.575519,633,13712,2015-10-12T06:52:01.910Z
41072,140.836519,310.120135,633,13712,2015-10-12T06:53:28.699Z
43911,73.861,62.825086,633,13712,2015-11-08T09:42:13.850Z
43911,200.76,285.115172,633,13712,2015-11-08T10:11:27.746Z
43911,351.155172,442.292525,633,13712,2015-11-08T10:12:03.749Z
43911,454.292525,531.094329,633,13712,2015-11-08T10:12:12.760Z
43911,531.094329,599.9248067010309,633,13712,2015-11-08T10:12:15.755Z
46414,4.469693,15.122009,633,13712,2015-10-15T12:51:25.446Z
46414,15.122009,26.319194,633,13712,2015-10-15T12:53:17.840Z
46414,89.383162,111.29799,633,13712,2015-10-15T12:55:25.548Z
46414,219.482037,254.04976,633,13712,2015-10-15T12:57:15.073Z
46364,54.324879097,302.192077324,633,13712,2015-10-14T15:36:23.560Z
45490,352.538,360.416,633,13712,2015-10-13T13:51:00.610Z
45490,360.416,378.092,633,13712,2015-10-13T13:51:03.610Z
36700,12.918,24.914,633,13712,2015-10-11T08:23:17.347Z
36700,39.934,52.75,633,13712,2015-10-11T08:25:26.438Z
41286,411.598902,376.08617,633,13712,2015-10-11T07:30:33.766Z
41286,625.1702780000001,606.114149,633,13712,2015-10-11T07:34:45.827Z
41286,618.1459610000001,579.167121,633,13712,2015-10-11T07:35:00.827Z
49393,326.268,311.198,633,13712,2015-10-24T07:41:24.340Z
21676,385.00142512,248.029096092,633,13712,2015-10-27T12:51:44.407Z
21676,266.142292102,153.565138036,633,13712,2015-10-27T12:51:56.271Z
21676,159.60669237,88.310884204,633,13712,2015-10-27T12:53:43.550Z
21676,1.37931165,29.794431403,633,13712,2015-11-01T10:55:39.922Z
41062,14.522662,0,633,13712,2015-10-28T01:30:59.636Z
49806,6.258587,32.92734,633,13712,2015-10-25T07:14:56.543Z
44452,64.83125,46.327993,633,13712,2015-10-09T01:04:32.384Z
44452,343.477993,367.2692916812796,633,13712,2015-10-09T01:08:38.542Z
44452,370.595542,362.915886,633,13712,2015-10-09T01:09:44.831Z
44452,4.3215,12.508286,633,13712,2015-10-09T01:57:35.941Z
44452,0.18,28.795879,633,13712,2015-10-26T08:42:16.383Z
44452,28.795879,12.535705,633,13712,2015-10-26T08:44:18.305Z
44452,186.855705,249.7521551724138,633,13712,2015-10-26T08:44:22.020Z
44452,249.7521551724138,297.387258,633,13712,2015-10-26T08:46:20.926Z
20371,196.116,183.803,633,13712,2015-10-25T17:04:40.711Z
20371,268.423,256.21,633,13712,2015-10-25T17:06:39.420Z
20371,328.01,320.742,633,13712,2015-10-25T17:08:38.196Z
20371,320.742,313.474,633,13712,2015-10-25T17:10:10.431Z
49938,295.6301223997725,342.2185668945312,633,13712,2015-10-06T09:35:45.101Z
49938,345.492356247385,409.0276794433594,633,13712,2015-10-06T09:35:51.088Z
49938,409.0276794433594,489.882513016928,633,13712,2015-10-06T09:35:54.036Z
37610,632.181,0.162491,633,13712,2015-10-06T03:23:23.321Z
37610,0.162491,42.493849,633,13712,2015-10-06T03:25:23.353Z
37610,42.493849,9.467874999999999,633,13712,2015-10-06T03:27:24.640Z
37610,95.359914,77.19612100000001,633,13712,2015-10-06T03:29:24.675Z
37610,77.19612100000001,56.177645,633,13712,2015-10-06T03:31:24.039Z
37611,235.84,209.764621,633,13712,2015-10-12T03:09:57.709Z
37611,209.764621,175.681603,633,13712,2015-10-12T03:11:58.443Z
37611,175.681603,159.51781,633,13712,2015-10-12T03:13:56.664Z
37611,222.57781,191.628017,633,13712,2015-10-12T03:15:56.041Z
37611,166.198707,148.415914,633,13712,2015-10-12T03:17:57.771Z
37611,205.435914,266.592379,633,13712,2015-10-12T03:19:56.174Z
47931,153.471105,131.017497,633,13712,2015-10-26T12:22:21.270Z
47931,124.407514,133.033583,633,13712,2015-10-26T12:24:22.222Z
47931,628.1249749999999,600.038629,633,13712,2015-10-26T12:29:08.249Z
47150,452.379,477.396685,633,13712,2015-10-19T14:01:10.809Z
47150,1.177,573.9758620689655,633,13712,2015-10-19T14:45:28.525Z
47150,573.9758620689655,521.3008620689656,633,13712,2015-10-19T14:47:27.374Z
47150,1.177,573.9758620689655,633,13712,2015-10-19T14:49:23.452Z
47150,521.3008620689656,592.356655,633,13712,2015-10-19T14:49:29.904Z
47150,592.356655,609.833258,633,13712,2015-10-19T14:51:28.698Z
39092,184.461,192.342,633,13712,2015-10-15T11:49:10.459Z
39092,228.462,236.363,633,13712,2015-10-15T11:49:13.558Z
39092,396.523,404.404,633,13712,2015-10-15T11:52:19.648Z
39092,422.204,434.905,633,13712,2015-10-15T11:53:58.411Z
39092,434.905,422.586,633,13712,2015-10-15T11:55:12.238Z
49027,33.921,14.531034,633,13712,2015-11-09T07:10:33.957Z
49027,224.424034,207.403862,633,13712,2015-11-09T07:14:18.985Z
49027,619.531862,608.487068,633,13712,2015-11-09T07:22:16.080Z
49159,0,616.6607749999999,633,13712,2015-11-01T14:21:20.462Z
49159,616.6607749999999,5.440948,633,13712,2015-11-01T14:23:19.700Z
43729,209.51,192.712083,633,13712,2015-10-19T01:28:40.727Z
50603,0,21.79655172413793,633,13712,2015-10-26T13:26:56.253Z
46259,217.929431,192.222017,633,13712,2015-10-29T04:42:55.631Z
46259,326.502017,290.665,633,13712,2015-10-29T04:46:45.653Z
43381,7.921,42.684913,633,13712,2015-11-15T05:30:21.570Z
43381,42.684913,60.245137,633,13712,2015-11-15T05:30:24.599Z
43381,60.245137,91.727155,633,13712,2015-11-15T05:30:27.569Z
43381,91.727155,290.620689,633,13712,2015-11-15T05:30:30.570Z
43381,290.620689,417.820051,633,13712,2015-11-15T05:30:33.569Z
43381,417.820051,591.844275,633,13712,2015-11-15T05:30:36.570Z
43381,0,7.478327,633,13712,2015-11-15T13:51:54.211Z
43381,7.478327,16.123844,633,13712,2015-11-15T13:51:57.234Z
43380,498.95,477.13125,633,13712,2015-10-10T03:22:12.093Z
19220,163,139.913,633,13712,2015-10-10T13:35:40.828Z
19220,137.986,130.712,633,13712,2015-10-10T13:36:30.691Z
19220,209.322,191.934,633,13712,2015-10-10T13:39:41.033Z
19220,191.934,148.481,633,13712,2015-10-10T13:42:20.308Z
19220,336.445,308.509,633,13712,2015-10-10T13:46:19.877Z
46171,9.853676999999999,20.82718,633,13712,2015-10-13T06:22:16.177Z
46171,9.853676999999999,20.82718,633,13712,2015-10-13T06:24:16.227Z
46171,303.236471,313.805365,633,13712,2015-10-13T06:24:40.313Z
46171,329.410837,340.138102,633,13712,2015-10-13T06:26:08.742Z
46171,400.138004,410.905998,633,13712,2015-10-13T06:26:40.370Z
46171,410.905998,420.987195,633,13712,2015-10-13T06:26:46.004Z
38874,45.421,80.971988,633,13712,2015-10-18T07:52:57.659Z
38874,96.99790400000001,108.3874051593323,633,13712,2015-10-18T07:55:31.176Z
38874,111.267405,122.038162,633,13712,2015-10-18T07:56:57.747Z
38874,122.038162,134.048739,633,13712,2015-10-18T07:57:31.680Z
42383,7.333015,470.4422413793103,633,13712,2015-10-05T03:17:21.679Z
44430,209.167362,225.301719,633,13712,2015-10-31T13:00:59.751Z
49234,165.6615,175.043,633,13712,2015-11-05T07:55:31.893Z
49234,301.103,315.186,633,13712,2015-11-05T07:56:58.892Z
49234,319.0375,338.062,633,13712,2015-11-05T07:57:07.894Z
49234,338.062,347.472,633,13712,2015-11-05T07:57:10.941Z
49234,347.472,376.0495,633,13712,2015-11-05T07:57:13.917Z
49234,379.924,389.2455,633,13712,2015-11-05T07:57:19.891Z
49234,389.2455,412.85,633,13712,2015-11-05T07:57:22.891Z
49234,412.85,427.2045,633,13712,2015-11-05T07:57:25.893Z
49234,427.2045,446.229,633,13712,2015-11-05T07:57:28.949Z
49234,464.2275,483.132,633,13712,2015-11-05T07:57:43.891Z
49234,483.132,502.308,633,13712,2015-11-05T07:57:46.891Z
49234,502.308,511.748,633,13712,2015-11-05T07:57:50.535Z
49234,511.748,530.5940000000001,633,13712,2015-11-05T07:57:52.915Z
49234,530.5940000000001,544.8855,633,13712,2015-11-05T07:57:55.918Z
49234,544.8855,568.16,633,13712,2015-11-05T07:57:58.891Z
49234,568.16,589.9945,633,13712,2015-11-05T07:58:01.892Z
49234,593.8375,617.2605,633,13712,2015-11-05T07:58:07.973Z
49234,617.2605,625.1135,633,13712,2015-11-05T07:58:10.891Z
38474,519.8462500000001,549.6344810000001,633,13712,2015-10-17T12:03:56.972Z
41939,7.438,320.140759,633,13712,2015-10-06T13:07:29.119Z
47543,7.9765683,15.4548347,633,13712,2015-10-11T12:42:48.094Z
47543,15.4548347,34.8145078,633,13712,2015-10-11T12:42:51.643Z
47543,98.331216,111.2533356,633,13712,2015-10-11T12:44:52.224Z
47543,117.2533015,122.9483527,633,13712,2015-10-11T12:46:53.098Z
47543,50.7252621,77.1133954,633,13712,2015-10-11T12:57:05.144Z
37828,0,163.6974921,633,13712,2015-10-24T13:50:07.722Z
44994,1.418,539.464655,633,13712,2015-10-06T13:28:53.620Z
44994,0.662,340.854121,633,13712,2015-10-06T13:29:53.029Z
34112,629.782,2.482,633,13712,2015-10-04T18:23:40.217Z
47168,88.001,16.100224,633,13712,2015-10-26T06:10:58.801Z
47168,26.538224,61.302801,633,13712,2015-10-26T06:34:06.745Z
47168,61.302801,260.196335,633,13712,2015-10-26T06:38:06.067Z
47168,260.196335,323.424043,633,13712,2015-10-26T06:40:06.052Z
47168,632.181,0,633,13712,2015-10-26T06:48:26.730Z
47168,632.181,1.379,633,13712,2015-10-26T07:17:57.878Z
26438,2.978,10.776,633,13712,2015-10-20T11:45:03.392Z
26438,13.775,21.695,633,13712,2015-10-20T11:45:09.451Z
26438,30.592,38.469,633,13712,2015-10-20T11:47:03.459Z
26438,38.469,46.307,633,13712,2015-10-20T11:48:58.795Z
26438,46.307,63.862,633,13712,2015-10-20T11:49:10.348Z
26438,63.862,76.337,633,13712,2015-10-20T11:50:59.879Z
26438,76.337,93.988,633,13712,2015-10-20T11:51:10.456Z
26438,93.988,106.762,633,13712,2015-10-20T11:53:03.753Z
26438,106.762,119.576,633,13712,2015-10-20T11:53:10.503Z
26438,119.576,132.352,633,13712,2015-10-20T11:55:02.425Z
26438,132.352,140.109,633,13712,2015-10-20T11:55:10.544Z
26438,146.548,154.385,633,13712,2015-10-20T11:56:59.039Z
26438,154.385,172.1,633,13712,2015-10-20T11:57:03.882Z
47367,0,33.075826,633,13712,2015-10-25T08:07:25.198Z
47367,178.940073,188.327397,633,13712,2015-10-25T08:10:22.343Z
44672,623.04,517.957511,633,13712,2015-10-12T14:13:47.150Z
26323,1.601,28.153879,633,13712,2015-10-12T05:12:42.342Z
26323,28.153879,5.790138,633,13712,2015-10-12T05:14:44.402Z
26323,554.0501379999999,534.923707,633,13712,2015-10-12T05:20:22.362Z
43730,169.967324,177.401791,633,13712,2015-10-21T12:17:04.929Z
43730,169.967324,177.401791,633,13712,2015-10-21T12:19:05.049Z
43390,8.1,32.162688,633,13712,2015-10-19T07:30:36.316Z
43390,41.183688,65.187601,633,13712,2015-10-19T07:32:36.329Z
43935,4.921,32.162999,633,13712,2015-11-09T15:09:43.456Z
43935,32.162999,93.727999,633,13712,2015-11-09T15:09:46.459Z
43935,93.727999,159.773999,633,13712,2015-11-09T15:09:49.460Z
43935,159.773999,226.377999,633,13712,2015-11-09T15:09:52.457Z
43935,226.377999,292.544999,633,13712,2015-11-09T15:09:55.454Z
43935,292.544999,363.669999,633,13712,2015-11-09T15:09:58.457Z
43935,363.669999,504.853999,633,13712,2015-11-09T15:10:01.455Z
43935,504.853999,632.181,633,13712,2015-11-09T15:10:04.456Z
38863,16.698,27.376,633,13712,2015-10-23T01:51:23.367Z
38863,51.456,80.608,633,13712,2015-10-23T01:53:23.384Z
38863,258.528,273.404,633,13712,2015-10-23T01:53:27.120Z
42019,170.691,183.442,633,13712,2015-10-11T02:01:47.022Z
42019,183.442,196.115,633,13712,2015-10-11T02:02:54.589Z
49136,14.597,28.791,633,13712,2015-10-25T05:55:43.029Z
49136,33.291,42.578,633,13712,2015-10-25T05:56:00.907Z
49136,42.578,56.712,633,13712,2015-10-25T05:57:48.641Z
49136,56.712,45.693,633,13712,2015-10-25T05:59:43.365Z
38869,504.579,517.4779210925645,633,13712,2015-10-07T14:55:05.455Z
38869,517.4779210925645,532.34522,633,13712,2015-10-07T14:57:06.940Z
38869,504.579,517.4779210925645,633,13712,2015-10-07T14:59:06.523Z
9114,84.663,57.018,633,13712,2015-10-21T12:50:45.098Z
9114,57.018,19.305,633,13712,2015-10-21T12:53:20.667Z
9114,19.305,26.8,633,13712,2015-10-21T12:56:46.509Z
9114,29.8,42.503,633,13712,2015-10-21T12:57:22.361Z
9114,136.426,141.766,633,13712,2015-10-21T12:57:26.039Z
46903,1.141,63.546086,633,13712,2015-10-13T13:35:35.830Z
41053,191.874429,174.146128,633,13712,2015-10-12T09:20:25.416Z
41053,222.226128,171.457827,633,13712,2015-10-12T09:22:24.248Z
41053,171.457827,128.600936,633,13712,2015-10-12T09:23:57.902Z
41053,166.455263,205.384115,633,13712,2015-10-12T09:26:25.624Z
48948,19.436,30.438068,633,13712,2015-11-05T06:33:14.387Z
45127,631.761,611.674534,633,13712,2015-10-18T16:05:27.617Z
45127,631.761,611.674534,633,13712,2015-10-18T16:07:27.656Z
42603,55.941,132.68031,633,13712,2015-11-14T10:06:56.822Z
42603,138.68031,232.888362,633,13712,2015-11-14T10:07:05.822Z
42603,232.888362,277.906034,633,13712,2015-11-14T10:07:08.822Z
42603,286.787034,314.558241,633,13712,2015-11-14T10:07:20.822Z
42603,314.558241,292.669879,633,13712,2015-11-14T10:07:23.865Z
42603,627.609879,603.94612,633,13712,2015-11-14T10:21:53.835Z
42603,603.94612,617.144396,633,13712,2015-11-14T10:21:56.835Z
46582,424.561,413.310914,633,13712,2015-10-06T00:23:42.223Z
46582,419.310914,395.387121,633,13712,2015-10-06T00:25:36.072Z
46582,424.561,413.310914,633,13712,2015-10-06T00:25:42.247Z
36692,7.422,24.533931,633,13712,2015-10-26T01:31:13.059Z
36692,75.55393100000001,59.006137,633,13712,2015-10-26T01:33:13.474Z
36692,127.522034,142.318586,633,13712,2015-10-26T01:35:13.319Z
36692,142.318586,185.270689,633,13712,2015-10-26T01:37:13.121Z
36692,113.045137,121.522034,633,13712,2015-10-26T01:39:03.069Z
36692,185.270689,178.913362,633,13712,2015-10-26T01:41:03.082Z
36692,196.795362,174.865224,633,13712,2015-10-26T01:41:13.622Z
36692,180.865224,159.554189,633,13712,2015-10-26T01:45:03.109Z
36692,159.554189,152.160482,633,13712,2015-10-26T01:45:13.189Z
41468,144.061,135.009782,633,13712,2015-10-20T10:24:35.311Z
41468,216.049782,198.881891025641,633,13712,2015-10-20T10:26:08.518Z
80,1.161,156.241431,633,13712,2015-10-13T00:13:24.593Z
37830,80.941,68.56399999999999,633,13712,2015-10-10T12:46:50.287Z
37831,397.2999877929688,51.75299835205078,633,13712,2015-10-09T03:53:01.365Z
37831,116.234001159668,384.2669982910156,633,13712,2015-10-09T03:54:09.740Z
37831,0,21.848476,633,13712,2015-10-10T10:25:14.917Z
37831,21.848476,0,633,13712,2015-10-10T10:25:16.969Z
37831,0,21.848476,633,13712,2015-10-10T10:27:18.332Z
37831,0,141.0269927978516,633,13712,2015-10-10T10:29:18.538Z
37831,0,21.848476,633,13712,2015-10-10T10:29:23.439Z
37831,370.7669982910156,341.6340026855469,633,13712,2015-10-10T10:30:58.823Z
37831,347.9760131835938,331.8139953613281,633,13712,2015-10-10T10:31:00.879Z
37831,350.4010009765625,382.8519897460938,633,13712,2015-10-10T10:31:20.816Z
37831,370.7669982910156,341.6340026855469,633,13712,2015-10-10T10:32:59.101Z
37831,589.9860229492188,177.2539978027344,633,13712,2015-10-10T10:33:30.218Z
37831,177.2539978027344,618.4500122070312,633,13712,2015-10-10T10:33:32.987Z
4260,286.054,270.780082,633,13712,2015-10-10T07:46:46.149Z
4260,266.268205,234.240163,633,13712,2015-10-10T07:48:46.203Z
4260,264.536203,197.128285,633,13712,2015-10-10T07:51:13.772Z
40519,217.3815,206.289,633,13712,2015-10-18T12:33:12.534Z
40519,320.319,310.319,633,13712,2015-10-18T12:36:01.849Z
40519,10.942,418.809241,633,13712,2015-10-18T14:41:02.706Z
40519,427.828241,474.98319,633,13712,2015-10-18T14:44:48.458Z
40519,473.711483,438.655603,633,13712,2015-10-18T14:50:48.593Z
40519,438.655603,433.199276,633,13712,2015-10-18T14:51:01.123Z
40519,507.151276,496.207276,633,13712,2015-10-18T14:53:01.168Z
24516,0.261,563.985776,633,13712,2015-10-08T08:03:43.481Z
42267,196.9245,165.001828,633,13712,2015-10-16T03:02:34.770Z
32211,53.86733,158.025,633,13712,2015-10-16T14:07:48.024Z
32211,0,105.35,633,13712,2015-10-16T14:28:46.154Z
51710,0.678,8.598000000000001,633,13712,2015-10-25T15:54:31.458Z
52595,18.681,515.851724,633,13712,2015-10-26T07:07:32.130Z
36269,61.236936,79.502313,633,13712,2015-10-05T12:09:57.869Z
36269,88.502302,113.013521,633,13712,2015-10-05T12:11:57.899Z
46247,215.463,206.185307,633,13712,2015-10-07T01:07:49.421Z
46247,206.185307,154.89641,633,13712,2015-10-07T01:09:49.653Z
46247,159.75791,140.106673,633,13712,2015-10-07T01:11:48.390Z
45049,630.822,1.482,633,13712,2015-10-13T04:11:50.362Z
49361,175.261,180.781,633,13712,2015-10-08T05:45:15.983Z
36188,21.781,30.436827,633,13712,2015-10-14T15:43:42.699Z
38525,88.498,96.44199999999999,633,13712,2015-10-18T08:14:40.872Z
38525,96.44199999999999,104.278,633,13712,2015-10-18T08:15:07.815Z
38525,110.278,118.196,633,13712,2015-10-18T08:16:40.897Z
38525,127.196,135.054,633,13712,2015-10-18T08:17:07.838Z
38524,12.842518,0.867518,633,13712,2015-11-06T13:34:28.451Z
38524,442.510006,398.776762,633,13712,2015-11-06T14:12:07.350Z
38524,398.776762,384.108487,633,13712,2015-11-06T14:12:10.353Z
38524,399.157211,348.702884,633,13712,2015-11-06T14:12:25.401Z
38524,356.252884,301.115579,633,13712,2015-11-06T14:12:34.402Z
38524,304.891826,359.608173,633,13712,2015-11-06T14:12:40.423Z
38523,1.417,10.699896,633,13712,2015-10-18T07:51:24.155Z
38523,516.768146,561.261206,633,13712,2015-10-18T07:58:45.202Z
37936,9.951499999999999,23.912999,633,13712,2015-11-15T09:18:22.494Z
37936,131.734499,146.145999,633,13712,2015-11-15T09:19:37.514Z
37936,154.787499,168.930499,633,13712,2015-11-15T09:19:46.514Z
37936,303.960499,322.653499,633,13712,2015-11-15T09:25:58.575Z
37936,322.653499,347.100999,633,13712,2015-11-15T09:26:01.573Z
37936,347.100999,361.303999,633,13712,2015-11-15T09:26:04.573Z
37936,361.303999,394.371499,633,13712,2015-11-15T09:26:07.574Z
37936,394.371499,427.920499,633,13712,2015-11-15T09:26:10.572Z
37936,427.920499,446.376499,633,13712,2015-11-15T09:26:13.574Z
37936,455.376499,464.606499,633,13712,2015-11-15T09:26:22.573Z
37936,464.606499,502.976999,633,13712,2015-11-15T09:26:25.573Z
37936,502.976999,551.080497,633,13712,2015-11-15T09:26:28.573Z
37936,551.080497,603.3154970000001,633,13712,2015-11-15T09:26:31.572Z
37936,603.3154970000001,631.024497,633,13712,2015-11-15T09:26:34.573Z
49969,8.679,22.408,633,13712,2015-10-17T17:34:12.345Z
49969,32.6665,42.045,633,13712,2015-10-17T17:36:12.387Z
49969,297.965,307.042,633,13712,2015-10-17T17:38:22.741Z
33653,536.36,484.065086,633,13712,2015-10-09T06:19:46.030Z
33653,484.065086,472.479672,633,13712,2015-10-09T06:21:42.758Z
37334,153.12375,136.683232,633,13712,2015-10-18T09:57:04.251Z
37334,140.309482,127.874315,633,13712,2015-10-18T09:57:12.483Z
37334,140.309482,127.874315,633,13712,2015-10-18T09:59:12.502Z
37334,630.092657,608.83875,633,13712,2015-10-18T10:12:09.701Z
44318,255.901,263.782,633,13712,2015-10-14T03:22:25.671Z
44318,269.802,277.683,633,13712,2015-10-14T03:22:34.671Z
44318,277.683,295.345,633,13712,2015-10-14T03:24:32.199Z
44318,295.345,308.008,633,13712,2015-10-14T03:24:36.756Z
44318,1.701,160.04451,633,13712,2015-10-14T03:37:40.960Z
50540,1.178,9.098000000000001,633,13712,2015-10-14T11:58:22.627Z
42948,149.309591,128.036056,633,13712,2015-10-13T15:35:10.343Z
42948,575.010056,558.776469,633,13712,2015-10-13T15:41:34.643Z
42948,558.776469,539.531141,633,13712,2015-10-13T15:41:37.644Z
42948,539.531141,555.955237,633,13712,2015-10-13T15:43:35.023Z
42948,37.879,3.885861,633,13712,2015-10-30T03:28:39.201Z
47747,118.732,129.524,633,13712,2015-10-26T12:28:44.995Z
47747,129.524,144.588,633,13712,2015-10-26T12:29:40.496Z
47747,554.48,564.952,633,13712,2015-10-26T12:33:15.024Z
47747,570.952,581.744,633,13712,2015-10-26T12:33:40.030Z
43712,345.1590196,268.0227497,633,13712,2015-10-11T17:57:52.555Z
43712,270.3339285,247.7578646,633,13712,2015-10-11T17:57:59.897Z
32518,4.681,10.142,633,13712,2015-10-10T17:01:53.091Z
32518,35.902,3.448569,633,13712,2015-10-10T17:06:20.893Z
32518,385.684569,370.210569,633,13712,2015-10-10T17:26:33.682Z
32518,16.44,21.442,633,13712,2015-10-26T10:28:59.018Z
50652,603.101,619.329965,633,13712,2015-10-21T08:13:31.222Z
43880,1.501,91.727155,633,13712,2015-10-11T09:11:24.552Z
43886,472.834716,5.300925,633,13712,2015-10-06T14:04:32.660Z
43886,472.834716,5.300925,633,13712,2015-10-06T14:06:32.688Z
43886,548.267455,580.400558,633,13712,2015-10-06T14:13:38.658Z
43886,580.400558,612.567628,633,13712,2015-10-06T14:15:36.758Z
43886,580.400558,612.567628,633,13712,2015-10-06T14:19:36.853Z
43886,580.400558,612.567628,633,13712,2015-10-06T14:21:38.622Z
43886,0,158.06735,633,13712,2015-10-06T14:23:38.395Z
46109,84.432,126.541,633,13712,2015-11-01T04:47:01.979Z
46109,84.432,126.541,633,13712,2015-11-01T04:49:02.024Z
46109,307.687,355.657,633,13712,2015-11-01T04:55:01.969Z
46109,364.587,409.8771267942583,633,13712,2015-11-01T04:56:59.388Z
46109,307.687,355.657,633,13712,2015-11-01T04:58:18.821Z
46109,454.396,493.0625215311005,633,13712,2015-11-01T04:59:02.162Z
1116,15.96,28.582,633,13712,2015-10-06T08:14:02.025Z
1116,46.621,54.382,633,13712,2015-10-06T08:15:42.963Z
47907,8.221,13.662,633,13712,2015-10-19T09:28:33.968Z
42040,194.123,171.689,633,13712,2015-10-05T14:14:04.917Z
42040,171.689,159.414,633,13712,2015-10-05T14:16:04.292Z
42040,159.414,141.919,633,13712,2015-10-05T14:17:57.489Z
42040,141.919,129.381,633,13712,2015-10-05T14:18:06.726Z
42040,303.243,288.865,633,13712,2015-10-05T14:20:07.363Z
42918,73.45999999999999,35.72,633,13712,2015-10-07T00:34:48.370Z
42918,481.019999,453.659999,633,13712,2015-10-07T00:42:21.768Z
52658,1.681,29.062069,633,13712,2015-10-14T07:25:24.706Z
53383,347.615,323.140865,633,13712,2015-10-26T08:39:35.505Z
53383,323.140865,279.695961,633,13712,2015-10-26T08:41:35.488Z
53383,463.319711,441.397243,633,13712,2015-10-26T08:42:11.509Z
53383,442.272243,424.438942,633,13712,2015-10-26T08:43:35.652Z
38408,13.995,60.667328,633,13712,2015-10-10T09:01:57.892Z
36458,249.459,49.659848,633,13712,2015-10-07T12:53:10.290Z
36458,49.659848,90.322384,633,13712,2015-10-07T12:53:13.306Z
36458,90.322384,235.198241,633,13712,2015-10-07T12:55:10.327Z
36458,235.198241,242.511096,633,13712,2015-10-07T12:57:07.414Z
36458,242.511096,250.986769,633,13712,2015-10-07T12:57:12.447Z
36458,49.659848,90.322384,633,13712,2015-10-07T12:59:07.453Z
52722,249.884197192,241.5784482,633,13712,2015-10-26T06:00:43.073Z
52722,247.441389347,235.6752155172414,633,13712,2015-10-26T06:02:42.915Z
52722,229.035721345,221.722589604,633,13712,2015-10-26T06:04:43.314Z
52722,206.87945327,192.295562046,633,13712,2015-10-26T06:06:43.429Z
52722,282.697335584,236.000196742,633,13712,2015-10-26T06:08:43.389Z
52728,225.571172,208.88362,633,13712,2015-10-20T13:54:16.070Z
52728,232.68462,226.920224,633,13712,2015-10-20T13:54:51.994Z
52728,226.920224,215.933758,633,13712,2015-10-20T13:56:24.694Z
52728,225.571172,208.88362,633,13712,2015-10-20T13:56:51.118Z
52728,245.495508,237.0375,633,13712,2015-10-20T13:58:53.207Z
52728,225.571172,208.88362,633,13712,2015-10-20T14:02:25.536Z
52728,225.571172,208.88362,633,13712,2015-10-20T14:06:53.901Z
52728,225.571172,208.88362,633,13712,2015-10-20T14:12:52.985Z
52728,560.266948,551.27112,633,13712,2015-10-20T14:16:53.474Z
52728,225.571172,208.88362,633,13712,2015-10-20T14:18:53.517Z
52728,560.266948,551.27112,633,13712,2015-10-20T14:20:53.693Z
52728,571.6721199999999,563.985775,633,13712,2015-10-20T14:36:30.034Z
52728,571.6721199999999,563.985775,633,13712,2015-10-20T14:38:30.262Z
52728,571.6721199999999,563.985775,633,13712,2015-10-20T14:40:40.955Z
52728,51.022,7.209137,633,13712,2015-11-15T01:56:39.996Z
33061,575.5654479999999,609.395258,633,13712,2015-10-24T12:58:42.095Z
37034,7.381218,24.514518,633,13712,2015-10-10T12:28:32.059Z
37034,199.604955,212.420911,633,13712,2015-10-10T12:34:15.762Z
37034,212.420911,224.682209,633,13712,2015-10-10T12:36:11.573Z
37034,224.682209,241.900841,633,13712,2015-10-10T12:36:50.108Z
48158,2.217,24.346,633,13712,2015-10-21T13:11:50.139Z
48158,84.387,102.122,633,13712,2015-10-21T13:13:47.060Z
48158,126.04,133.896999,633,13712,2015-10-21T13:13:50.165Z
48158,175.915999,193.567999,633,13712,2015-10-21T13:15:50.761Z
44822,630.441,592.332466,633,13712,2015-10-13T14:21:31.231Z
37922,313.65718871,391.964382902,633,13712,2015-10-23T14:09:38.744Z
37922,394.977239271,402.8791809082031,633,13712,2015-10-23T14:09:44.534Z
37922,402.8791809082031,494.484178879,633,13712,2015-10-23T14:09:47.334Z
37922,512.308491556,558.214497063,633,13712,2015-10-23T14:10:08.547Z
37922,558.214497063,604.448633007,633,13712,2015-10-23T14:10:11.190Z
39327,592.97772,598.091421,633,13712,2015-10-18T21:46:40.754Z
39327,632.181,0,633,13712,2015-10-25T03:18:59.665Z
39327,2.501553,374.836206,633,13712,2015-10-25T03:19:05.738Z
39327,2.501553,374.836206,633,13712,2015-10-25T03:21:09.562Z
32104,157,52.455751,633,13712,2015-11-01T00:26:43.232Z
32104,52.455751,16.087298,633,13712,2015-11-01T00:28:43.266Z
32104,273.947298,183.685128,633,13712,2015-11-01T00:30:04.956Z
32104,189.685128,150.792989,633,13712,2015-11-01T00:30:43.300Z
32104,1.421,22.061153,633,13712,2015-11-01T12:26:46.995Z
32104,80.182562,138.922593,633,13712,2015-11-01T12:30:43.310Z
