43879,24.901,30.222,1149,13758,2015-10-30T15:15:47.519Z
43879,24.901,30.222,1149,13758,2015-10-30T15:17:47.679Z
32650,1079.101,1095.427942,1149,13758,2015-10-27T07:30:18.749Z
32650,1098.568942,1116.874207,1149,13758,2015-10-27T07:30:24.746Z
43474,110.016,132.72926,1149,13758,2015-11-10T13:30:53.886Z
43474,132.72926,106.021653,1149,13758,2015-11-10T13:30:56.887Z
31918,202.981,178.599252,1149,13758,2015-11-15T01:57:35.314Z
31918,430.300252,400.880172,1149,13758,2015-11-15T02:02:41.325Z
31918,522.281172,508.992494,1149,13758,2015-11-15T02:05:17.342Z
31918,593.152494,567.212436,1149,13758,2015-11-15T02:07:05.346Z
46481,22.347174,13.343667,1149,13758,2015-10-26T06:25:51.172Z
46481,22.347174,13.343667,1149,13758,2015-10-26T06:28:55.133Z
46481,158.56821,144.25032,1149,13758,2015-10-26T06:29:55.573Z
46481,205.47603,195.988982,1149,13758,2015-10-26T06:32:00.053Z
46481,214.256772,203.55958,1149,13758,2015-10-26T06:33:59.533Z
46481,350.373286,342.555746,1149,13758,2015-10-26T06:35:37.880Z
46481,345.371702,335.283811,1149,13758,2015-10-26T06:36:45.499Z
46481,395.314871,382.554516,1149,13758,2015-10-26T06:37:39.139Z
46481,703.872162,697.6256147540984,1149,13758,2015-10-26T06:39:30.089Z
46481,703.428188,682.3319672131148,1149,13758,2015-10-26T06:39:39.499Z
46481,703.872162,697.6256147540984,1149,13758,2015-10-26T06:41:33.881Z
46481,874.243633,848.891875,1149,13758,2015-10-26T06:42:49.494Z
46481,911.9095569999999,896.589242,1149,13758,2015-10-26T06:43:54.662Z
46481,874.243633,848.891875,1149,13758,2015-10-26T06:44:55.142Z
46481,911.9095569999999,896.589242,1149,13758,2015-10-26T06:45:55.004Z
46481,1019.59532,999.969262,1149,13758,2015-10-26T06:46:55.583Z
46481,1044.725894,1029.38012295082,1149,13758,2015-10-26T06:47:54.812Z
46481,1038.992447,1032.476525,1149,13758,2015-10-26T06:49:59.995Z
40351,1148.281,0,1149,13758,2015-10-29T06:39:44.942Z
45110,789.686,731.968715,1149,13758,2015-11-07T11:16:28.925Z
45667,86.221,1.640819,1149,13758,2015-11-06T14:52:42.613Z
44647,98.301,54.588568,1149,13758,2015-11-12T05:36:58.025Z
44647,206.489568,3.680128,1149,13758,2015-11-12T05:55:37.052Z
44647,404.861128,0,1149,13758,2015-11-12T06:13:13.104Z
44647,495.18,54.58856837606837,1149,13758,2015-11-12T06:21:55.132Z
44647,57.068568,9.394610999999999,1149,13758,2015-11-12T06:22:01.141Z
44647,519.421,494.470534,1149,13758,2015-11-13T10:59:25.239Z
34043,758.978648,748.978648,1149,13758,2015-11-03T13:05:09.287Z
34043,758.978648,748.978648,1149,13758,2015-11-03T13:07:09.323Z
34161,122.841,4.949137,1149,13758,2015-10-26T04:06:35.397Z
34161,122.841,4.949137,1149,13758,2015-10-26T04:08:35.436Z
55935,0.418,24.234977,1149,13758,2015-11-11T13:20:34.728Z
55935,51.294977,29.943114,1149,13758,2015-11-11T13:21:04.728Z
55935,0.179,34.643965,1149,13758,2015-11-11T13:25:29.272Z
55935,37.781965,312.453689,1149,13758,2015-11-11T13:25:35.272Z
55935,312.453689,369.535632183908,1149,13758,2015-11-11T13:25:38.319Z
55935,399.233632,462.188827,1149,13758,2015-11-11T13:26:11.271Z
55935,462.188827,711.026149,1149,13758,2015-11-11T13:26:14.271Z
55935,711.026149,815.066333,1149,13758,2015-11-11T13:26:17.273Z
55935,815.066333,1078.912068965517,1149,13758,2015-11-11T13:26:20.278Z
55935,3.418,44.790528,1149,13758,2015-11-12T04:55:11.004Z
55935,44.790528,79.154494,1149,13758,2015-11-12T04:55:14.105Z
55935,79.154494,138.575862,1149,13758,2015-11-12T04:55:16.977Z
43688,428.712,384.87562,1149,13758,2015-11-04T07:07:37.149Z
43688,390.87362,449.991839,1149,13758,2015-11-04T07:09:36.578Z
43688,990.193839,1053.786666,1149,13758,2015-11-04T07:13:27.780Z
43688,1053.786666,1083.861206896552,1149,13758,2015-11-04T07:14:15.912Z
43688,1083.861206896552,1103.198045,1149,13758,2015-11-04T07:15:27.797Z
42931,525.6535,531.4535,1149,13758,2015-10-31T03:49:47.199Z
42931,546.3355,555.4755,1149,13758,2015-10-31T03:50:11.503Z
42931,571.5545,577.2355,1149,13758,2015-10-31T03:50:32.945Z
42931,525.6535,531.4535,1149,13758,2015-10-31T03:51:47.232Z
42931,546.3355,555.4755,1149,13758,2015-10-31T03:52:11.536Z
42931,571.5545,577.2355,1149,13758,2015-10-31T03:52:32.979Z
33448,0.834195,749.601237,1149,13758,2015-10-28T14:43:34.183Z
33448,786.468579,813.201815,1149,13758,2015-10-28T14:45:35.525Z
33448,0.834195,749.601237,1149,13758,2015-10-28T14:47:36.870Z
33448,786.468579,813.201815,1149,13758,2015-10-28T14:49:37.056Z
33448,0.834195,749.601237,1149,13758,2015-10-28T14:51:38.785Z
45879,851.242617,842.766345,1149,13758,2015-11-02T13:03:35.793Z
40885,25.661,92.38390804597701,1149,13758,2015-10-26T01:55:57.680Z
38183,695.6,59.509942,1149,13758,2015-10-28T06:13:29.413Z
38183,695.6,59.509942,1149,13758,2015-10-28T06:15:29.477Z
50084,2.353685,398.333808,1149,13758,2015-11-15T23:27:16.009Z
50084,401.448473,1066.211224,1149,13758,2015-11-15T23:27:22.036Z
50084,1069.209987,303.959937,1149,13758,2015-11-15T23:27:28.019Z
50084,1101.042613,970.455801,1149,13758,2015-11-15T23:40:49.676Z
50084,973.311652,991.292242,1149,13758,2015-11-15T23:40:55.759Z
50084,1146.399932,1008.840371,1149,13758,2015-11-15T23:43:34.803Z
50084,1008.840371,1042.808682,1149,13758,2015-11-15T23:43:37.764Z
47336,198.463,187.160528,1149,13758,2015-11-07T14:28:58.523Z
47336,299.700528,264.16831,1149,13758,2015-11-07T14:34:25.692Z
47336,395.94931,366.236206,1149,13758,2015-11-07T14:37:22.785Z
47336,598.879206,559.305873,1149,13758,2015-11-07T14:41:25.946Z
47336,989.322873,924.4410800000001,1149,13758,2015-11-07T14:50:56.133Z
43502,1145.778,1130.524004,1149,13758,2015-10-26T06:42:03.366Z
34630,985.01,998.629285,1149,13758,2015-11-06T12:47:41.221Z
5272,111.66,82.504379,1149,13758,2015-10-29T09:06:17.849Z
5272,82.504379,70.95639,1149,13758,2015-10-29T09:06:20.810Z
5272,70.95639,41.261563,1149,13758,2015-10-29T09:06:23.821Z
5272,111.66,82.504379,1149,13758,2015-10-29T09:08:17.907Z
5272,70.95639,41.261563,1149,13758,2015-10-29T09:08:23.877Z
5272,275.361,128.817333,1149,13758,2015-11-01T13:20:22.526Z
5272,128.817333,91.331941,1149,13758,2015-11-01T13:20:25.527Z
5272,91.331941,67.00091999999999,1149,13758,2015-11-01T13:22:24.655Z
5272,689.6345,695.5744999999999,1149,13758,2015-11-03T09:12:41.256Z
5272,689.6345,695.5744999999999,1149,13758,2015-11-03T09:14:41.359Z
5272,179.642,51.159839,1149,13758,2015-11-04T03:35:23.968Z
54907,0,41.603816,1149,13758,2015-11-06T15:02:04.321Z
54907,41.603816,123.928448,1149,13758,2015-11-06T15:02:07.319Z
54907,123.928448,366.236206,1149,13758,2015-11-06T15:02:10.319Z
54907,366.236206,624.652379,1149,13758,2015-11-06T15:02:13.321Z
54907,624.652379,777.535655,1149,13758,2015-11-06T15:02:16.333Z
54907,777.535655,976.6298849999999,1149,13758,2015-11-06T15:02:19.333Z
54907,976.6298849999999,1066.694367,1149,13758,2015-11-06T15:02:22.363Z
54907,0,263.9540229885058,1149,13758,2015-11-12T03:47:52.240Z
54907,0,208.00862,1149,13758,2015-11-12T03:48:26.447Z
54907,208.00862,339.8408045977012,1149,13758,2015-11-12T03:48:29.444Z
54907,339.8408045977012,504.8120689655173,1149,13758,2015-11-12T03:48:32.564Z
54907,504.8120689655173,626.8908045977013,1149,13758,2015-11-12T03:48:35.447Z
54907,627.7878040000001,813.3083333333334,1149,13758,2015-11-12T03:48:41.446Z
54907,813.3083333333334,879.2968390804598,1149,13758,2015-11-12T03:48:44.564Z
54907,879.2968390804598,998.0761494252873,1149,13758,2015-11-12T03:48:47.447Z
54907,998.0761494252873,1072.313218390805,1149,13758,2015-11-12T03:48:50.447Z
54907,1072.313218390805,1125.104022988506,1149,13758,2015-11-12T03:48:53.450Z
52531,198.407635,134.7827258684244,1149,13758,2015-10-26T10:00:11.547Z
36481,7.921,127.027874,1149,13758,2015-10-31T10:10:06.072Z
44223,98.06999999999999,107.1545,1149,13758,2015-10-28T01:53:52.319Z
44223,107.1545,125.6075,1149,13758,2015-10-28T01:55:50.138Z
44223,128.744999,138.333499,1149,13758,2015-10-28T01:55:55.081Z
44223,138.333499,170.229499,1149,13758,2015-10-28T01:58:52.733Z
44223,179.280999,193.720999,1149,13758,2015-10-28T01:59:53.804Z
44223,193.720999,211.873999,1149,13758,2015-10-28T02:01:52.744Z
44223,404.018499,393.039999,1149,13758,2015-10-28T02:07:53.983Z
54196,19.997,42.589,1149,13758,2015-11-03T05:44:13.405Z
54196,42.589,74.401999,1149,13758,2015-11-03T05:47:53.869Z
54196,80.419999,141.788999,1149,13758,2015-11-03T05:52:14.739Z
54196,141.788999,203.023999,1149,13758,2015-11-03T05:56:15.212Z
54196,203.023999,220.413999,1149,13758,2015-11-03T05:58:15.447Z
47239,898.301,912.937371,1149,13758,2015-10-29T11:40:39.865Z
47239,0,179.8186781609195,1149,13758,2015-11-01T04:35:52.213Z
46946,135.136,207.863793,1149,13758,2015-11-04T02:06:06.668Z
46946,735.539793,770.866948,1149,13758,2015-11-04T02:09:51.892Z
34081,60.559,29.694827,1149,13758,2015-11-14T11:47:11.757Z
47301,8.680999999999999,32.243063,1149,13758,2015-11-09T07:38:34.113Z
47301,35.263063,61.711622,1149,13758,2015-11-09T07:38:40.113Z
47301,64.731622,7.359179,1149,13758,2015-11-09T07:38:46.128Z
47301,99.801,21.417551,1149,13758,2015-11-10T01:15:29.488Z
47301,21.417551,2.141,1149,13758,2015-11-10T01:15:32.621Z
48933,4.661,32.26554,1149,13758,2015-11-11T14:35:23.732Z
48933,32.26554,193.016379,1149,13758,2015-11-11T14:35:26.732Z
48933,193.016379,279.112724,1149,13758,2015-11-11T14:35:29.752Z
48933,279.112724,304.188126,1149,13758,2015-11-11T14:35:32.733Z
48933,304.188126,329.004103,1149,13758,2015-11-11T14:35:35.758Z
48933,329.004103,349.73908,1149,13758,2015-11-11T14:35:38.732Z
48933,349.73908,392.631609,1149,13758,2015-11-11T14:35:41.732Z
48933,392.631609,508.912494,1149,13758,2015-11-11T14:35:44.736Z
48933,508.912494,587.088988,1149,13758,2015-11-11T14:35:47.755Z
38376,464.121021,430.412741,1149,13758,2015-10-27T12:38:34.136Z
38376,1003.752741,967.482391,1149,13758,2015-10-27T12:49:04.159Z
38376,1003.752741,967.482391,1149,13758,2015-10-27T12:51:04.182Z
52836,0,161.6718390804598,1149,13758,2015-11-02T16:59:14.323Z
52836,167.382169,233.02588,1149,13758,2015-11-02T17:03:13.946Z
52836,233.02588,150.749219,1149,13758,2015-11-02T17:05:14.850Z
43538,67.143647,31.745845,1149,13758,2015-11-08T02:19:05.233Z
43538,1.701593,860.14136,1149,13758,2015-11-08T02:34:35.955Z
43538,863.149273,903.0166829999999,1149,13758,2015-11-08T02:34:41.944Z
43538,909.091466,921.863325,1149,13758,2015-11-08T02:34:50.958Z
43538,1146.771518,1130.975898,1149,13758,2015-11-08T02:38:38.966Z
43538,1148.281,0.421622,1149,13758,2015-11-08T02:38:59.984Z
43538,0.421622,197.636741,1149,13758,2015-11-08T02:39:02.971Z
43538,200.643657,225.318817,1149,13758,2015-11-08T02:39:08.971Z
43538,225.318817,280.876881,1149,13758,2015-11-08T02:39:12.016Z
43538,282.903546,1106.531451,1149,13758,2015-11-08T02:39:33.080Z
45415,1148.203369140625,0,1149,13758,2015-11-07T15:03:33.235Z
45415,678.4292602539062,623.4426879882812,1149,13758,2015-11-07T22:07:48.870Z
45415,623.4426879882812,0.08490629494190216,1149,13758,2015-11-07T22:07:51.922Z
45419,1148.319114,0.2415,1149,13758,2015-10-31T11:32:41.932Z
45637,67.05499399999999,73.613072,1149,13758,2015-11-15T01:09:27.630Z
45637,82.211116,88.55740299999999,1149,13758,2015-11-15T01:09:39.956Z
45637,206.277839,212.569761,1149,13758,2015-11-15T01:11:19.203Z
45637,241.430702,248.849381,1149,13758,2015-11-15T01:12:00.353Z
45637,250.301989,256.88005,1149,13758,2015-11-15T01:12:04.679Z
45637,10.43526,61.03936781609195,1149,13758,2015-11-15T01:13:47.045Z
45637,64.401583,130.3272988505747,1149,13758,2015-11-15T01:13:58.956Z
45637,387.075143,395.034525,1149,13758,2015-11-15T01:17:37.667Z
45637,407.335121,413.668029,1149,13758,2015-11-15T01:17:49.770Z
45637,467.70139,474.168993,1149,13758,2015-11-15T01:18:42.779Z
45637,615.108009,623.438791,1149,13758,2015-11-15T01:21:08.643Z
45637,631.201008,637.801348,1149,13758,2015-11-15T01:21:21.436Z
45637,662.0351920000001,670.1353329999999,1149,13758,2015-11-15T01:21:48.653Z
45637,674.600951,681.00132,1149,13758,2015-11-15T01:21:59.354Z
45637,735.102794,712.6758620000001,1149,13758,2015-11-15T01:22:45.478Z
45637,726.300805,733.3011729999999,1149,13758,2015-11-15T01:22:57.701Z
45637,770.300833,776.567415,1149,13758,2015-11-15T01:23:37.180Z
44234,131.215,112.878,1149,13758,2015-11-02T13:51:00.595Z
44234,112.878,84.73999999999999,1149,13758,2015-11-02T13:53:01.876Z
44234,82.575,95.47199999999999,1149,13758,2015-11-02T13:55:00.690Z
44234,95.47199999999999,137.114,1149,13758,2015-11-02T13:57:02.113Z
44234,137.114,144.984,1149,13758,2015-11-02T13:58:50.276Z
44234,284.144,278.001,1149,13758,2015-11-02T13:59:02.023Z
44234,278.001,183.703,1149,13758,2015-11-02T14:04:49.702Z
44234,183.703,155.106,1149,13758,2015-11-02T14:06:50.487Z
44234,158.201,165.917,1149,13758,2015-11-02T14:07:01.715Z
44234,249.477,235.908908,1149,13758,2015-11-02T14:08:50.533Z
44234,255.746908,232.507758,1149,13758,2015-11-02T14:09:02.428Z
44234,255.945758,234.259195,1149,13758,2015-11-02T14:11:02.474Z
44234,274.499494,242.507758,1149,13758,2015-11-02T14:13:02.522Z
44234,242.507758,231.448057,1149,13758,2015-11-02T14:15:01.326Z
44234,432.608057,382.733333,1149,13758,2015-11-02T14:17:02.225Z
44234,7.415,811.6586206896552,1149,13758,2015-11-02T14:20:15.442Z
44234,811.6586206896552,781.52908,1149,13758,2015-11-02T14:22:04.891Z
44234,781.52908,807.49908,1149,13758,2015-11-02T14:26:15.487Z
44163,168.861,803.74,1149,13758,2015-10-26T14:32:06.597Z
44163,803.74,459.28,1149,13758,2015-10-26T14:32:09.547Z
44163,168.861,803.74,1149,13758,2015-10-26T14:34:06.666Z
44163,460.461,86.456344,1149,13758,2015-10-26T14:41:25.644Z
15587,460.601,453.442,1149,13758,2015-11-11T17:24:23.884Z
15587,453.442,435.727,1149,13758,2015-11-11T17:24:26.879Z
15587,435.727,428.469,1149,13758,2015-11-11T17:24:29.889Z
39492,436.08,488.265229,1149,13758,2015-11-02T12:43:01.676Z
39492,488.265229,542.005747,1149,13758,2015-11-02T12:43:04.678Z
39492,542.005747,702.777586,1149,13758,2015-11-02T12:45:03.504Z
39492,702.777586,735.762126,1149,13758,2015-11-02T12:47:01.749Z
48859,6.52171,0,1149,13758,2015-11-13T06:27:42.142Z
32906,31.0415,8.711684,1149,13758,2015-10-30T12:39:41.779Z
39033,18.367521,11.029955,1149,13758,2015-11-10T01:32:09.840Z
39033,11.029955,3.774701,1149,13758,2015-11-10T01:32:12.838Z
42786,342.262,386.032758,1149,13758,2015-11-07T17:07:21.217Z
42786,386.032758,451.363839,1149,13758,2015-11-07T17:07:24.219Z
42786,460.363839,428.925287,1149,13758,2015-11-07T17:07:36.217Z
42786,530.8472870000001,28.766114,1149,13758,2015-11-07T17:09:21.215Z
42786,123.481,40.764,1149,13758,2015-11-14T09:39:12.184Z
42786,212.658,194.975,1149,13758,2015-11-14T10:04:38.256Z
42786,194.975,187.793,1149,13758,2015-11-14T10:04:41.035Z
42786,205.451,218.208,1149,13758,2015-11-14T10:04:47.005Z
42786,401.268,388.965,1149,13758,2015-11-14T10:07:53.268Z
42786,517.986,500.744,1149,13758,2015-11-14T10:10:05.381Z
42786,587.744,559.879,1149,13758,2015-11-14T10:11:35.942Z
42786,943.739,791.0142090000001,1149,13758,2015-11-14T10:18:02.951Z
42786,791.0142090000001,829.3012,1149,13758,2015-11-14T10:18:04.951Z
42786,829.3012,837.3012,1149,13758,2015-11-14T10:18:08.291Z
42786,849.1802,861.9792,1149,13758,2015-11-14T10:18:23.032Z
42786,861.9792,874.6392,1149,13758,2015-11-14T10:18:26.392Z
42786,908.5572,926.4162,1149,13758,2015-11-14T10:19:07.901Z
42786,926.4162,968.2112,1149,13758,2015-11-14T10:19:10.902Z
42786,968.2112,976.0291999999999,1149,13758,2015-11-14T10:19:14.380Z
42012,99.738,120.269545,1149,13758,2015-11-10T13:51:40.054Z
42012,120.269545,189.192045,1149,13758,2015-11-10T13:51:43.055Z
42012,189.192045,211.177675,1149,13758,2015-11-10T13:51:46.055Z
42012,985.937675,1003.369038,1149,13758,2015-11-10T13:58:37.129Z
42012,1003.369038,1019.068746,1149,13758,2015-11-10T13:58:40.130Z
42013,1.261,11.261,1149,13758,2015-11-09T00:26:24.729Z
42302,7.533797,32.994252,1149,13758,2015-11-04T14:23:57.679Z
45405,12.642,6.598851,1149,13758,2015-10-26T06:26:22.252Z
45405,455.416101,21.759292,1149,13758,2015-10-26T12:30:34.670Z
45405,21.759292,12.722608,1149,13758,2015-10-26T12:32:13.299Z
45405,0.421,908.991666,1149,13758,2015-11-15T17:21:43.881Z
45405,921.913666,0,1149,13758,2015-11-15T17:22:59.876Z
38031,54.261,29.186114,1149,13758,2015-10-28T15:00:55.190Z
38031,29.186114,1.921,1149,13758,2015-10-28T15:02:53.681Z
38031,522.408494,489.456344,1149,13758,2015-10-28T15:33:42.859Z
38031,560.1799999999999,522.408494,1149,13758,2015-10-28T15:35:41.805Z
42768,108.036,272.202586,1149,13758,2015-11-02T21:07:45.533Z
42768,277.918586,480.742379,1149,13758,2015-11-02T21:08:58.083Z
33947,1148.281,1.55125,1149,13758,2015-10-31T11:52:44.654Z
33947,22.99625,52.367341,1149,13758,2015-10-31T11:55:19.925Z
33947,52.367341,40.894353,1149,13758,2015-10-31T11:55:33.775Z
33947,185.019353,197.896853,1149,13758,2015-10-31T11:59:20.018Z
33947,197.896853,215.675603,1149,13758,2015-10-31T11:59:46.519Z
33947,382.804353,372.804353,1149,13758,2015-10-31T12:01:46.714Z
33947,1082.894353,1074.934353,1149,13758,2015-10-31T12:09:33.018Z
24367,4.510327,11.178223,1149,13758,2015-10-27T05:08:52.736Z
40324,1070.423,1057.69909,1149,13758,2015-10-26T14:58:18.623Z
40324,1067.568229,1055.309379,1149,13758,2015-10-26T15:00:15.629Z
40324,1066.249379,1049.217241,1149,13758,2015-10-26T15:02:14.289Z
40324,1123.020241,1108.606896,1149,13758,2015-10-26T15:06:26.329Z
34041,28.047008,70.93764299999999,1149,13758,2015-11-10T13:33:38.324Z
34041,70.93764299999999,104.743017,1149,13758,2015-11-10T13:33:41.325Z
34041,104.743017,164.9712643678161,1149,13758,2015-11-10T13:33:44.337Z
34041,164.9712643678161,176.519252,1149,13758,2015-11-10T13:33:47.685Z
34048,1089.8915,1068.163,1149,13758,2015-11-08T05:46:31.790Z
34048,1068.163,1035.814998,1149,13758,2015-11-08T05:46:34.796Z
32601,159.121,169.371689,1149,13758,2015-11-01T13:00:38.373Z
32601,286.431689,304.468126,1149,13758,2015-11-01T13:04:05.498Z
32601,467.048126,479.977666,1149,13758,2015-11-01T13:05:27.394Z
32601,485.977666,495.58508,1149,13758,2015-11-01T13:06:20.592Z
32601,645.68508,657.316919,1149,13758,2015-11-01T13:08:05.594Z
32601,657.316919,670.924333,1149,13758,2015-11-01T13:09:46.590Z
32601,670.924333,684.102034,1149,13758,2015-11-01T13:10:20.684Z
32601,729.122034,736.192839,1149,13758,2015-11-01T13:11:46.634Z
32601,748.192839,763.816954,1149,13758,2015-11-01T13:13:46.676Z
32601,781.717954,793.523068,1149,13758,2015-11-01T13:14:05.731Z
43315,585.85,0.838,1149,13758,2015-11-12T06:58:39.680Z
43315,6.84,626.156928,1149,13758,2015-11-12T06:58:45.680Z
43315,626.156928,585.699805,1149,13758,2015-11-12T06:58:48.680Z
43315,585.699805,600.975805,1149,13758,2015-11-12T06:58:51.679Z
43315,734.011805,744.769805,1149,13758,2015-11-12T07:00:03.680Z
43315,1020.369805,1035.725805,1149,13758,2015-11-12T07:02:24.684Z
43315,1035.725805,1046.443805,1149,13758,2015-11-12T07:02:27.695Z
43315,1052.443805,1063.843805,1149,13758,2015-11-12T07:02:33.694Z
43315,1075.001805,1085.559805,1149,13758,2015-11-12T07:02:42.682Z
43315,1085.559805,1100.955805,1149,13758,2015-11-12T07:02:45.682Z
43315,1100.955805,1111.751805,1149,13758,2015-11-12T07:02:48.690Z
43319,43.95875,36.516655,1149,13758,2015-11-06T06:18:45.249Z
43319,0,1112.143321,1149,13758,2015-11-08T05:57:03.608Z
43319,1112.143321,1138.308011,1149,13758,2015-11-08T05:57:06.607Z
50146,23.18725,0.275,1149,13758,2015-11-07T06:20:06.445Z
50146,1122.17625,1115.8275,1149,13758,2015-11-07T06:48:24.455Z
50146,1115.8275,1012.386248,1149,13758,2015-11-07T06:48:27.455Z
50146,1012.386248,913.942498,1149,13758,2015-11-07T06:48:30.455Z
43957,64.46625,182.561201,1149,13758,2015-11-15T06:43:14.286Z
43957,295.162451,335.718295,1149,13758,2015-11-15T06:44:47.292Z
43957,515.592045,503.26948,1149,13758,2015-11-15T06:47:14.306Z
43957,637.37073,682.2097402597402,1149,13758,2015-11-15T06:49:11.340Z
43957,1007.30849,1016.993555,1149,13758,2015-11-15T06:54:59.442Z
43486,431.200068,426.167486,1149,13758,2015-11-02T15:39:55.462Z
43486,803.600456,793.767654,1149,13758,2015-11-02T15:58:12.771Z
43486,803.600456,793.767654,1149,13758,2015-11-02T16:01:28.691Z
43551,199.868605,212.375163,1149,13758,2015-11-01T16:49:12.394Z
43551,212.375163,220.30021,1149,13758,2015-11-01T16:51:10.651Z
25502,664.021,11.547988,1149,13758,2015-11-04T15:13:42.586Z
42375,319.641,269.30416,1149,13758,2015-11-10T02:45:53.675Z
42375,272.30416,140.396862,1149,13758,2015-11-10T02:45:59.677Z
44211,264.2775,242.507758,1149,13758,2015-11-07T06:38:47.490Z
44211,242.507758,207.33658,1149,13758,2015-11-07T06:38:50.490Z
45503,0,468.5183908045977,1149,13758,2015-11-10T13:51:24.210Z
45503,468.5183908045977,571.032773,1149,13758,2015-11-10T13:51:27.262Z
45503,571.032773,713.140261,1149,13758,2015-11-10T13:51:30.201Z
45503,716.077585,767.510022,1149,13758,2015-11-10T13:51:36.192Z
53761,65.861,53.304,1149,13758,2015-10-28T11:01:28.402Z
53761,110.344,102.927,1149,13758,2015-10-28T11:03:03.327Z
53761,106.144,98.664,1149,13758,2015-10-28T11:05:13.277Z
53761,163.32,139.992,1149,13758,2015-10-28T11:07:48.226Z
53761,214.043,227.025,1149,13758,2015-11-03T10:19:32.642Z
53761,227.025,234.688,1149,13758,2015-11-03T10:21:24.994Z
53761,237.688,255.253,1149,13758,2015-11-03T10:21:54.252Z
53761,467.336,475.376,1149,13758,2015-11-03T10:25:26.093Z
53761,1.901,457.101689,1149,13758,2015-11-04T01:53:22.369Z
53761,1.901,457.101689,1149,13758,2015-11-04T01:55:22.398Z
53761,589.138689,601.755689,1149,13758,2015-11-04T02:11:26.023Z
53761,601.755689,594.231689,1149,13758,2015-11-04T02:13:24.562Z
53761,942.829689,950.707689,1149,13758,2015-11-04T02:20:56.070Z
53761,950.707689,963.363689,1149,13758,2015-11-04T02:22:44.077Z
53761,1061.287689,1049.217241,1149,13758,2015-11-04T02:35:51.024Z
45767,1145.158,908.886679,1149,13758,2015-11-05T06:54:30.837Z
45766,12.582,120.4290229885057,1149,13758,2015-11-01T03:29:09.614Z
45766,12.582,120.4290229885057,1149,13758,2015-11-01T03:31:09.798Z
39735,0,273.8522988505747,1149,13758,2015-11-04T16:19:01.834Z
39735,273.8522988505747,126.461176,1149,13758,2015-11-04T16:19:04.837Z
39735,126.461176,454.573993,1149,13758,2015-11-04T16:19:07.836Z
39735,454.573993,968.984337,1149,13758,2015-11-04T16:19:10.863Z
39735,981.084337,1018.126004,1149,13758,2015-11-04T16:19:25.838Z
48260,953.28,966.08,1149,13758,2015-10-26T08:15:01.922Z
48260,966.08,973.64,1149,13758,2015-10-26T08:16:02.482Z
45612,8.834014,772.2135683760685,1149,13758,2015-11-05T01:21:30.592Z
45612,774.447582,780.323591,1149,13758,2015-11-05T01:21:36.860Z
44217,201.818,184.112,1149,13758,2015-11-02T14:29:57.185Z
44217,184.112,196.746,1149,13758,2015-11-02T14:31:56.726Z
44217,835.128,822.67,1149,13758,2015-11-02T14:49:23.598Z
44217,822.67,815.1319999999999,1149,13758,2015-11-02T14:51:23.208Z
44217,821.1319999999999,828.973,1149,13758,2015-11-02T14:52:39.912Z
33370,2.021,156.733988,1149,13758,2015-10-27T14:13:03.959Z
33370,192.553988,77.08778100000001,1149,13758,2015-10-27T14:14:58.583Z
33370,2.021,156.733988,1149,13758,2015-10-27T14:15:03.996Z
33370,936.047781,907.793241,1149,13758,2015-10-27T14:28:04.686Z
38707,3.182,524.479907,1149,13758,2015-11-14T11:31:43.126Z
49845,11.318,18.915,1149,13758,2015-11-04T13:05:26.606Z
49845,21.974,44.448,1149,13758,2015-11-04T13:05:32.611Z
49845,81.422,108.691,1149,13758,2015-11-04T13:06:17.643Z
49845,108.691,150.709,1149,13758,2015-11-04T13:06:20.651Z
49845,150.709,187.93,1149,13758,2015-11-04T13:06:23.655Z
49845,187.93,215.178,1149,13758,2015-11-04T13:06:26.658Z
49845,1.161,18.963,1149,13758,2015-11-04T13:14:05.104Z
49845,18.963,184.967,1149,13758,2015-11-04T13:14:08.106Z
49845,184.967,252.588,1149,13758,2015-11-04T13:14:11.117Z
49845,255.628,268.45,1149,13758,2015-11-04T13:14:17.123Z
49845,364.55,382.352,1149,13758,2015-11-04T13:15:56.234Z
49845,448.293,466.016,1149,13758,2015-11-04T13:17:05.329Z
49845,466.016,473.897,1149,13758,2015-11-04T13:17:08.350Z
49845,473.897,481.737,1149,13758,2015-11-04T13:17:11.338Z
49845,481.737,499.281,1149,13758,2015-11-04T13:17:14.351Z
49845,514.241,541.865,1149,13758,2015-11-04T13:17:32.365Z
49845,541.865,564.21,1149,13758,2015-11-04T13:17:35.384Z
49845,564.21,581.6130000000001,1149,13758,2015-11-04T13:17:38.373Z
49845,581.6130000000001,589.494,1149,13758,2015-11-04T13:17:41.383Z
49845,589.494,602.336,1149,13758,2015-11-04T13:17:44.385Z
49845,632.5359999999999,649.8579999999999,1149,13758,2015-11-04T13:18:17.442Z
49845,649.8579999999999,667.742,1149,13758,2015-11-04T13:18:20.457Z
49845,667.742,680.564,1149,13758,2015-11-04T13:18:23.449Z
49845,683.604,696.446,1149,13758,2015-11-04T13:18:29.453Z
49845,696.446,723.95,1149,13758,2015-11-04T13:18:32.460Z
49845,723.95,746.655,1149,13758,2015-11-04T13:18:35.462Z
49845,746.655,773.939,1149,13758,2015-11-04T13:18:38.472Z
49845,773.939,791.463,1149,13758,2015-11-04T13:18:41.468Z
49845,896.543,914.1660000000001,1149,13758,2015-11-04T13:20:29.623Z
49845,923.326,936.148,1149,13758,2015-11-04T13:20:41.637Z
49845,936.148,953.83,1149,13758,2015-11-04T13:20:44.641Z
49845,971.5309999999999,979.452,1149,13758,2015-11-04T13:21:05.659Z
49845,979.452,1002.036,1149,13758,2015-11-04T13:21:08.665Z
49845,1002.036,1014.778,1149,13758,2015-11-04T13:21:11.679Z
49845,1023.658,1050.943,1149,13758,2015-11-04T13:21:23.676Z
49845,1050.943,1058.903,1149,13758,2015-11-04T13:21:26.678Z
49845,1058.903,1086.189,1149,13758,2015-11-04T13:21:29.680Z
49845,1095.009,1107.811,1149,13758,2015-11-04T13:21:41.688Z
49845,1116.931,1129.713,1149,13758,2015-11-04T13:21:53.712Z
40136,10.686695,44.781962,1149,13758,2015-11-08T12:04:37.791Z
40136,44.781962,79.182124,1149,13758,2015-11-08T12:04:40.816Z
40136,79.182124,131.222197,1149,13758,2015-11-08T12:04:43.791Z
45960,143.662,233.400843,1149,13758,2015-11-03T09:27:18.791Z
45960,233.400843,219.293717,1149,13758,2015-11-03T09:29:18.701Z
45960,960.692717,888.885149,1149,13758,2015-11-03T09:54:46.313Z
45960,906.9051490000001,878.687873,1149,13758,2015-11-03T09:56:44.492Z
45960,878.687873,847.222333,1149,13758,2015-11-03T09:56:46.840Z
45960,1148.281,1119.204919,1149,13758,2015-11-03T10:16:52.419Z
31627,81.982854,15.534583,1149,13758,2015-11-10T14:58:50.058Z
31627,273.395293,253.888161,1149,13758,2015-11-10T15:03:11.114Z
31627,253.888161,231.425334,1149,13758,2015-11-10T15:03:14.083Z
35079,39.915195,20.069244,1149,13758,2015-10-30T02:58:48.164Z
35079,23.077157,6.283348,1149,13758,2015-10-30T03:00:03.725Z
35079,156.75812,111.133545,1149,13758,2015-10-30T03:02:46.168Z
35079,114.140461,95.936706,1149,13758,2015-10-30T03:04:04.031Z
35079,593.194272,569.150862,1149,13758,2015-10-30T04:34:08.455Z
35079,569.150862,554.303448,1149,13758,2015-10-30T04:36:06.175Z
35079,584.328255,510.688033,1149,13758,2015-10-30T04:36:11.168Z
35079,510.688033,416.390293,1149,13758,2015-10-30T04:38:11.557Z
35079,0,1123.454310344828,1149,13758,2015-10-30T04:47:11.438Z
35079,0,882.5962643678162,1149,13758,2015-10-30T04:57:35.967Z
42693,18.679,1.918,1149,13758,2015-11-15T09:40:43.730Z
42693,276.7125,300.0825,1149,13758,2015-11-15T09:49:11.740Z
42693,332.20625,340.88125,1149,13758,2015-11-15T09:51:47.741Z
42693,415.455,423.955,1149,13758,2015-11-15T09:53:44.741Z
42693,423.955,432.6525,1149,13758,2015-11-15T09:53:47.740Z
42693,443.9025,452.52625,1149,13758,2015-11-15T09:53:59.741Z
42693,456.27625,464.85,1149,13758,2015-11-15T09:54:05.741Z
42693,464.85,472.9475,1149,13758,2015-11-15T09:54:08.740Z
42693,476.64625,484.81875,1149,13758,2015-11-15T09:54:14.741Z
42693,484.81875,493.04125,1149,13758,2015-11-15T09:54:17.790Z
42693,613.0359999999999,622.413,1149,13758,2015-11-15T09:57:26.745Z
42693,622.413,631.7329999999999,1149,13758,2015-11-15T09:57:29.745Z
42693,631.7329999999999,640.99,1149,13758,2015-11-15T09:57:32.745Z
42693,640.99,659.974,1149,13758,2015-11-15T09:57:35.745Z
42693,659.974,669.414,1149,13758,2015-11-15T09:57:38.745Z
42693,669.414,678.5795000000001,1149,13758,2015-11-15T09:57:41.745Z
42693,753.1895,762.5365,1149,13758,2015-11-15T10:01:41.746Z
42693,766.645,780.8390000000001,1149,13758,2015-11-15T10:01:47.745Z
42693,780.8390000000001,789.946,1149,13758,2015-11-15T10:01:50.745Z
42693,803.4444999999999,817.55,1149,13758,2015-11-15T10:02:02.746Z
42693,817.55,831.4755,1149,13758,2015-11-15T10:02:05.769Z
42693,921.5355,930.8555,1149,13758,2015-11-15T10:03:08.746Z
42693,930.8555,940.141,1149,13758,2015-11-15T10:03:11.746Z
42693,940.141,954.098,1149,13758,2015-11-15T10:03:14.746Z
42693,958.598,972.492,1149,13758,2015-11-15T10:03:20.747Z
42693,972.492,986.599,1149,13758,2015-11-15T10:03:23.747Z
42693,986.599,995.7075,1149,13758,2015-11-15T10:03:26.746Z
52558,30.64,94.27622549019608,1149,13758,2015-10-30T01:53:28.573Z
52558,94.27622549019608,126.210544,1149,13758,2015-10-30T01:55:20.568Z
52558,126.210544,182.868411,1149,13758,2015-10-30T01:57:18.643Z
52558,182.868411,248.3545343137255,1149,13758,2015-10-30T01:57:29.163Z
45519,53.18125,0,1149,13758,2015-11-06T06:43:36.980Z
45519,1148.281,1055.850416,1149,13758,2015-11-06T07:00:14.023Z
42742,1144.101088,1129.002388,1149,13758,2015-11-11T12:46:10.541Z
50237,1143.826736,1088.90201,1149,13758,2015-11-05T13:04:58.187Z
37863,657.01,650.33875,1149,13758,2015-11-04T14:14:49.077Z
37863,973.20125,981.82625,1149,13758,2015-11-04T14:19:13.278Z
37863,981.82625,1018.9025,1149,13758,2015-11-04T14:19:16.275Z
37863,1018.9025,1046.3075,1149,13758,2015-11-04T14:19:19.275Z
37863,1046.3075,1054.432499,1149,13758,2015-11-04T14:19:22.278Z
37863,1094.669999,1117.572499,1149,13758,2015-11-04T14:19:58.294Z
37863,1121.048749,1129.649999,1149,13758,2015-11-04T14:20:04.293Z
37863,1129.649999,1138.251249,1149,13758,2015-11-04T14:20:07.294Z
39282,729.713851,173.219827,1149,13758,2015-10-26T00:57:16.814Z
44826,1148.320421294,1100.3583333,1149,13758,2015-10-27T16:51:51.245Z
44825,2.968911,264.567264,1149,13758,2015-10-28T02:53:58.425Z
44824,4.300657,289.167058,1149,13758,2015-10-28T02:53:56.650Z
44824,57.341,0,1149,13758,2015-10-28T14:41:44.297Z
43373,20.16,25.4,1149,13758,2015-11-07T12:08:28.663Z
43371,22.894,28.108,1149,13758,2015-11-02T02:28:28.612Z
43371,214.442,157.874988,1149,13758,2015-11-07T06:28:15.380Z
43371,492.434988,440.473275,1149,13758,2015-11-07T06:31:24.969Z
43371,440.473275,410.15131,1149,13758,2015-11-07T06:31:27.970Z
5827,98.70957300000001,15.004451,1149,13758,2015-11-15T12:55:59.759Z
5827,122.684873,90.39981899999999,1149,13758,2015-11-15T12:57:14.762Z
5827,211.011326,169.657767,1149,13758,2015-11-15T12:58:44.763Z
5827,169.657767,183.775283,1149,13758,2015-11-15T12:58:47.765Z
5827,485.091069,465.226098,1149,13758,2015-11-15T13:02:11.774Z
5827,465.226098,446.583029,1149,13758,2015-11-15T13:02:14.774Z
5827,451.268008,428.523673,1149,13758,2015-11-15T13:02:20.775Z
5827,788.790471,766.196375,1149,13758,2015-11-15T13:06:23.791Z
5827,766.196375,739.462122,1149,13758,2015-11-15T13:06:26.791Z
5827,739.462122,771.669207,1149,13758,2015-11-15T13:06:29.792Z
5827,771.669207,787.945512,1149,13758,2015-11-15T13:06:32.792Z
39261,200.1765,219.039,1149,13758,2015-11-02T10:20:34.709Z
39261,747.343,761.417,1149,13758,2015-11-02T10:28:55.756Z
39261,761.417,770.704,1149,13758,2015-11-02T10:29:12.093Z
39261,779.7055,788.9924999999999,1149,13758,2015-11-02T10:30:53.338Z
49044,16.621,2.161,1149,13758,2015-11-06T13:20:39.657Z
49044,24.39,14.548951,1149,13758,2015-11-06T13:21:00.643Z
49044,196.648951,188.868491,1149,13758,2015-11-06T13:24:37.643Z
49044,247.995991,241.672241,1149,13758,2015-11-06T13:27:08.653Z
49044,241.672241,224.677241,1149,13758,2015-11-06T13:27:11.670Z
49044,224.677241,218.180991,1149,13758,2015-11-06T13:27:14.680Z
49044,406.930991,395.633491,1149,13758,2015-11-06T13:41:26.644Z
49044,395.633491,378.514741,1149,13758,2015-11-06T13:41:29.648Z
49044,411.588491,405.014741,1149,13758,2015-11-06T13:44:56.645Z
49044,854.340991,846.367241,1149,13758,2015-11-06T14:04:04.650Z
49044,846.367241,829.448491,1149,13758,2015-11-06T14:04:07.651Z
49044,1138.487241,1121.597241,1149,13758,2015-11-06T14:08:55.652Z
54596,4.673861,36.777203,1149,13758,2015-11-01T08:01:46.156Z
54596,1.666945,27.38785,1149,13758,2015-11-08T09:13:49.736Z
54596,1.888437,26.395402,1149,13758,2015-11-08T09:21:51.782Z
54596,46.941,176.519252,1149,13758,2015-11-10T16:47:29.426Z
54596,185.660252,229.061344,1149,13758,2015-11-10T16:47:41.426Z
54596,229.061344,253.767034,1149,13758,2015-11-10T16:47:44.427Z
54596,253.767034,295.04985,1149,13758,2015-11-10T16:47:47.427Z
54596,4.421,9.481999999999999,1149,13758,2015-11-11T14:41:15.250Z
54596,0.9409999999999999,35.024965,1149,13758,2015-11-11T16:34:51.676Z
54596,1.681,30.475827,1149,13758,2015-11-11T17:47:06.065Z
36439,622.342876,607.221153,1149,13758,2015-11-14T10:27:39.544Z
36439,607.221153,595.913229,1149,13758,2015-11-14T10:27:42.544Z
36439,604.934125,593.113995,1149,13758,2015-11-14T10:27:51.548Z
36439,1148.281,1113.428382,1149,13758,2015-11-14T10:35:52.888Z
36439,1145.211789,1116.211387,1149,13758,2015-11-14T10:36:21.070Z
6,4.021,31.98554,1149,13758,2015-10-21T11:53:46.266Z
36923,591.486779,202.239772,1149,13758,2015-10-26T04:43:22.693Z
36923,202.239772,287.98198,1149,13758,2015-10-26T04:45:22.724Z
36923,287.98198,372.244208,1149,13758,2015-10-26T04:47:22.405Z
36923,378.217406,407.987141,1149,13758,2015-10-26T04:52:22.692Z
36923,407.987141,434.062279,1149,13758,2015-10-26T04:54:14.692Z
45016,18.42847,0,1149,13758,2015-10-25T19:23:19.549Z
40111,930.84,556.85316,1149,13758,2015-10-26T02:45:25.768Z
40111,930.84,556.85316,1149,13758,2015-10-26T02:47:32.269Z
40111,793.9131599999999,737.7118390000001,1149,13758,2015-10-26T02:49:22.779Z
40111,793.9131599999999,737.7118390000001,1149,13758,2015-10-26T02:51:22.886Z
40111,1001.992839,766.127666,1149,13758,2015-10-26T02:59:11.568Z
40111,1001.992839,766.127666,1149,13758,2015-10-26T03:01:12.534Z
45943,477.541,459.882,1149,13758,2015-11-04T12:56:59.615Z
45943,459.882,447.506,1149,13758,2015-11-04T12:57:02.695Z
45943,591.826,584.727,1149,13758,2015-11-04T12:59:50.575Z
37670,69.96816200000001,75.76786800000001,1149,13758,2015-10-27T01:21:06.958Z
37895,113.041,7.49985,1149,13758,2015-11-05T05:20:21.839Z
37895,940.65985,888.386402,1149,13758,2015-11-05T05:35:57.883Z
37895,888.386402,869.32985,1149,13758,2015-11-05T05:36:00.912Z
43346,189.1235,177.3635,1149,13758,2015-11-10T01:55:30.029Z
43346,238.339,221.849,1149,13758,2015-11-10T01:57:42.041Z
43346,676.1420010000001,666.1420010000001,1149,13758,2015-11-10T02:07:24.243Z
43346,666.1420010000001,675.144003,1149,13758,2015-11-10T02:07:30.123Z
43346,951.211502,939.063002,1149,13758,2015-11-10T02:11:30.117Z
43346,967.100002,952.100002,1149,13758,2015-11-10T02:12:03.143Z
43346,952.100002,962.100002,1149,13758,2015-11-10T02:12:06.142Z
43901,620.767482,574.1,1149,13758,2015-11-02T11:52:20.239Z
43901,620.767482,574.1,1149,13758,2015-11-02T11:54:20.285Z
38858,974.5815,919.063596,1149,13758,2015-11-03T02:51:15.548Z
38858,919.063596,841.0686490000001,1149,13758,2015-11-03T02:51:18.547Z
38858,890.598649,1009.564482,1149,13758,2015-11-03T02:53:17.303Z
38858,1009.564482,989.958605,1149,13758,2015-11-03T02:55:15.744Z
38858,989.958605,975.39071,1149,13758,2015-11-03T02:55:18.741Z
49251,2.461,15.238701,1149,13758,2015-10-30T05:44:31.103Z
49251,716.876287,735.463126,1149,13758,2015-10-30T05:54:49.947Z
49251,735.463126,750.8105399999999,1149,13758,2015-10-30T05:56:48.186Z
49251,859.97054,869.16985,1149,13758,2015-10-30T05:56:50.613Z
49251,884.18985,897.924678,1149,13758,2015-10-30T05:58:48.334Z
49251,897.924678,909.062954,1149,13758,2015-10-30T05:58:50.679Z
44710,457.567437,434.0448351648351,1149,13758,2015-10-28T10:05:51.574Z
44710,406.401299,381.167555,1149,13758,2015-10-28T10:07:51.603Z
44710,457.567437,434.0448351648351,1149,13758,2015-10-28T10:09:51.424Z
44710,765.33404,747.701831,1149,13758,2015-10-28T10:12:27.547Z
44710,747.701831,738.6341210000001,1149,13758,2015-10-28T10:12:30.547Z
44710,738.6341210000001,699.500572,1149,13758,2015-10-28T10:14:27.707Z
44710,765.33404,747.701831,1149,13758,2015-10-28T10:14:30.577Z
44710,747.701831,738.6341210000001,1149,13758,2015-10-28T10:16:27.603Z
42655,25.96657562255859,2.162370204925537,1149,13758,2015-10-28T13:41:16.505Z
42655,61.67520523071289,6.068914413452148,1149,13758,2015-10-28T13:42:20.627Z
42655,25.96657562255859,2.162370204925537,1149,13758,2015-10-28T13:43:16.674Z
42655,61.67520523071289,6.068914413452148,1149,13758,2015-10-28T13:44:20.683Z
42655,128.8070526123047,67.82532501220703,1149,13758,2015-10-28T13:44:27.295Z
42655,128.8070526123047,67.82532501220703,1149,13758,2015-10-28T13:46:27.652Z
42655,253.6132659912109,183.2005310058594,1149,13758,2015-10-28T13:47:36.450Z
42655,253.6132659912109,183.2005310058594,1149,13758,2015-10-28T13:49:36.575Z
24094,49.863513,57.102175,1149,13758,2015-11-03T13:49:41.913Z
24094,49.863513,57.102175,1149,13758,2015-11-03T13:52:35.362Z
24094,613.3006789999999,621.2345340000001,1149,13758,2015-11-03T14:05:02.029Z
24094,621.2345340000001,633.66714,1149,13758,2015-11-03T14:05:05.083Z
24094,642.867707,650.500949,1149,13758,2015-11-03T14:05:17.192Z
24094,613.3006789999999,621.2345340000001,1149,13758,2015-11-03T14:07:02.452Z
24094,755.301244,763.168092,1149,13758,2015-11-03T14:07:05.469Z
24094,621.2345340000001,633.66714,1149,13758,2015-11-03T14:07:16.438Z
24094,766.100518,774.0351889999999,1149,13758,2015-11-03T14:09:03.922Z
24094,779.900586,792.567887,1149,13758,2015-11-03T14:09:06.645Z
24094,897.767932,909.768385,1149,13758,2015-11-03T14:11:03.268Z
24094,909.768385,922.734552,1149,13758,2015-11-03T14:11:05.816Z
24094,922.734552,940.000718,1149,13758,2015-11-03T14:11:27.084Z
44159,24.581,75.210273,1149,13758,2015-10-26T11:32:32.571Z
44159,75.210273,168.6725427350428,1149,13758,2015-10-26T11:34:46.682Z
44159,168.6725427350428,204.86047,1149,13758,2015-10-26T11:38:32.772Z
44159,204.86047,222.228692,1149,13758,2015-10-26T11:38:49.313Z
44159,267.248692,261.289102,1149,13758,2015-10-26T11:40:46.880Z
44159,261.289102,245.589525,1149,13758,2015-10-26T11:40:49.379Z
44159,468.649525,477.803311965812,1149,13758,2015-10-26T11:57:43.335Z
44159,477.803311965812,472.283119,1149,13758,2015-10-26T11:59:43.275Z
44159,472.283119,477.657602,1149,13758,2015-10-26T11:59:53.690Z
44159,582.857602,577.780128,1149,13758,2015-10-26T12:01:46.036Z
44159,731.673094,695.118457,1149,13758,2015-10-26T12:05:43.795Z
44159,776.158457,786.868371,1149,13758,2015-10-26T12:07:43.883Z
44159,822.948371,829.203136,1149,13758,2015-10-26T12:07:46.291Z
37281,28.721,81.49691900000001,1149,13758,2015-11-11T00:46:35.476Z
37281,84.49691900000001,48.602666,1149,13758,2015-11-11T00:46:41.474Z
37281,1.897,164.058551,1149,13758,2015-11-12T04:31:52.501Z
37281,164.058551,752.966965,1149,13758,2015-11-12T04:31:55.485Z
37281,752.966965,951.392482,1149,13758,2015-11-12T04:31:58.513Z
30233,1.418,18.392,1149,13758,2015-11-03T17:30:23.375Z
30233,18.392,45.459999,1149,13758,2015-11-03T17:32:24.202Z
30233,45.459999,72.75399899999999,1149,13758,2015-11-03T17:34:24.220Z
30233,72.75399899999999,95.108999,1149,13758,2015-11-03T17:36:24.229Z
30233,95.108999,127.399999,1149,13758,2015-11-03T17:40:23.341Z
30233,127.399999,154.173999,1149,13758,2015-11-03T17:42:23.360Z
30233,154.173999,181.326999,1149,13758,2015-11-03T17:44:23.379Z
30233,187.724999,141.8752873563218,1149,13758,2015-11-03T17:46:20.708Z
30233,141.875287,0,1149,13758,2015-11-03T17:46:23.398Z
30233,8.177,20.817,1149,13758,2015-11-04T15:53:17.468Z
30233,20.817,52.888,1149,13758,2015-11-04T15:53:20.448Z
30233,52.888,89.64,1149,13758,2015-11-04T15:53:23.448Z
30233,89.64,131.61,1149,13758,2015-11-04T15:53:26.446Z
30233,131.61,168.602,1149,13758,2015-11-04T15:53:29.446Z
30233,168.602,190.897,1149,13758,2015-11-04T15:53:32.446Z
30233,186.154,173.791,1149,13758,2015-11-04T15:53:41.447Z
30233,173.791,181.004,1149,13758,2015-11-04T15:53:44.447Z
30233,183.942,191.943,1149,13758,2015-11-04T15:53:50.446Z
45954,138.001,131.058585,1149,13758,2015-11-04T14:02:25.603Z
45954,221.158585,189.428241,1149,13758,2015-11-04T14:03:58.622Z
45954,189.428241,209.5135057471265,1149,13758,2015-11-04T14:04:01.678Z
45954,218.374505,201.316229,1149,13758,2015-11-04T14:04:37.629Z
45954,605.697229,590.597126,1149,13758,2015-11-07T02:27:00.242Z
45954,591.678126,602.145114,1149,13758,2015-11-07T02:27:51.305Z
45954,710.126114,682.981034,1149,13758,2015-11-07T02:29:42.342Z
45954,701.122034,687.930172,1149,13758,2015-11-07T02:30:36.386Z
45954,818.951172,254.055747,1149,13758,2015-11-07T02:35:27.423Z
45954,254.055747,353.038505,1149,13758,2015-11-07T02:35:33.424Z
45954,353.359505,373.566344,1149,13758,2015-11-07T02:35:39.428Z
45954,408.666344,694.5290229885059,1149,13758,2015-11-07T02:37:12.412Z
45954,694.5290229885059,815.179045,1149,13758,2015-11-07T02:37:15.415Z
45954,815.179045,836.7755969999999,1149,13758,2015-11-07T02:37:18.444Z
45954,836.7755969999999,818.808758,1149,13758,2015-11-07T02:37:21.415Z
45954,833.868758,711.026149,1149,13758,2015-11-07T02:37:57.445Z
45954,711.026149,862.799712,1149,13758,2015-11-07T02:38:00.420Z
45954,862.799712,851.352724,1149,13758,2015-11-07T02:38:03.420Z
45954,1142.272724,1112.227321,1149,13758,2015-11-07T02:46:48.514Z
45954,1112.227321,1129.114735,1149,13758,2015-11-07T02:46:51.541Z
31723,208.5419006347656,173.565155,1149,13758,2015-10-26T11:12:19.640Z
31723,82.661,158.673413,1149,13758,2015-11-13T11:20:41.157Z
31723,161.673413,279.702436,1149,13758,2015-11-13T11:20:47.159Z
40078,1.179,1057.465803,1149,13758,2015-10-31T11:17:56.901Z
40078,1.179,1057.465803,1149,13758,2015-10-31T11:19:56.941Z
40079,0,122.0787356321839,1149,13758,2015-11-08T17:43:17.659Z
40079,122.0787356321839,351.3887931034483,1149,13758,2015-11-08T17:43:20.660Z
40079,351.3887931034483,549.651353,1149,13758,2015-11-08T17:43:23.659Z
40079,549.651353,885.931605,1149,13758,2015-11-08T17:43:26.757Z
31295,115.752856,4.835399,1149,13758,2015-11-02T16:16:39.484Z
37843,456.897,386.520045,1149,13758,2015-11-05T03:39:59.721Z
37843,386.520045,295.28585,1149,13758,2015-11-05T03:40:02.851Z
30905,255.8535,204.564367816092,1149,13758,2015-10-26T07:12:46.410Z
30905,923.964367,793.8717810000001,1149,13758,2015-10-26T07:27:57.442Z
30905,63.6,5.669137,1149,13758,2015-10-30T01:44:15.242Z
30905,63.6,5.669137,1149,13758,2015-10-30T01:46:15.387Z
24781,75.85501499999999,3.473596,1149,13758,2015-10-25T22:11:35.473Z
24781,674.613459,654.525891,1149,13758,2015-10-25T22:24:23.890Z
24781,654.525891,640.343312,1149,13758,2015-10-25T22:25:26.432Z
24781,36.198,4.138425,1149,13758,2015-11-02T04:32:02.069Z
24781,967.338425,930.667218,1149,13758,2015-11-02T04:50:02.077Z
24781,1048.007218,964.210183,1149,13758,2015-11-02T04:54:30.201Z
4230,10.301,32.994252,1149,13758,2015-11-01T15:48:58.336Z
4230,2.721,141.8752873563218,1149,13758,2015-11-02T13:39:18.393Z
4230,141.8752873563218,197.965517,1149,13758,2015-11-02T13:40:38.366Z
4230,197.965517,66.869505,1149,13758,2015-11-02T13:44:38.167Z
4230,66.869505,76.61806799999999,1149,13758,2015-11-02T13:45:20.436Z
43359,242.218,219.609,1149,13758,2015-11-03T01:57:18.046Z
43354,227.4015,139.286597,1149,13758,2015-11-15T14:03:18.487Z
43354,148.286597,86.674188,1149,13758,2015-11-15T14:03:27.487Z
43354,158.915688,110.18322,1149,13758,2015-11-15T14:04:18.486Z
36428,406.645706,7.595334,1149,13758,2015-10-30T17:08:47.699Z
46364,16.639825192,21.644082423,1149,13758,2015-11-14T14:09:50.185Z
42394,43.519318,26.665657,1149,13758,2015-10-28T03:52:20.109Z
42394,26.665657,12.202237,1149,13758,2015-10-28T03:53:06.042Z
42394,139.560247,212.812931,1149,13758,2015-10-28T07:19:35.744Z
42394,358.090659,389.332183,1149,13758,2015-10-28T07:25:35.626Z
42394,389.332183,410.778448,1149,13758,2015-10-28T07:26:11.644Z
42394,449.13518,498.2132183908046,1149,13758,2015-10-28T07:27:54.727Z
42394,500.901174,523.641561,1149,13758,2015-10-28T07:28:31.341Z
42394,526.628181,547.7045977011494,1149,13758,2015-10-28T07:30:11.688Z
42394,556.408459,542.0870629999999,1149,13758,2015-10-28T07:31:35.691Z
42394,389.332183,410.778448,1149,13758,2015-10-28T07:32:23.778Z
42394,545.116349,565.851436,1149,13758,2015-10-28T07:32:31.429Z
42394,565.851436,579.049137,1149,13758,2015-10-28T07:33:35.712Z
42394,579.049137,587.297701,1149,13758,2015-10-28T07:33:54.810Z
42394,649.689534,677.875491,1149,13758,2015-10-28T07:34:31.452Z
42394,545.116349,565.851436,1149,13758,2015-10-28T07:36:31.478Z
45147,880.967528,795.933512,1149,13758,2015-10-26T03:21:11.308Z
45147,795.933512,618.534069,1149,13758,2015-10-26T03:21:14.252Z
45147,880.967528,795.933512,1149,13758,2015-10-26T03:23:11.357Z
45147,795.933512,618.534069,1149,13758,2015-10-26T03:23:14.307Z
36701,521.301,514.042996,1149,13758,2015-10-26T09:13:33.224Z
36701,937.442996,929.825996,1149,13758,2015-10-26T09:20:54.226Z
36700,108.641,100.984,1149,13758,2015-10-31T15:07:14.573Z
36700,100.984,93.685,1149,13758,2015-10-31T15:09:14.128Z
36700,467.565,480.286,1149,13758,2015-10-31T15:17:44.763Z
36700,489.146,496.967,1149,13758,2015-10-31T15:17:56.778Z
36700,721.428,734.0890000000001,1149,13758,2015-10-31T15:23:32.877Z
36700,734.0890000000001,746.972,1149,13758,2015-10-31T15:24:35.887Z
36700,746.972,764.534,1149,13758,2015-10-31T15:26:35.942Z
49393,25.914277,15.914276,1149,13758,2015-11-02T12:19:57.190Z
49393,15.914276,22.357734,1149,13758,2015-11-02T12:19:59.686Z
49393,40.460181,30.460181,1149,13758,2015-11-02T12:48:55.708Z
49393,30.460181,22.939712,1149,13758,2015-11-02T12:48:58.689Z
49393,40.460181,30.460181,1149,13758,2015-11-02T12:50:58.759Z
49393,40.460181,30.460181,1149,13758,2015-11-02T12:52:58.792Z
49393,67.365117,8.248563218390805,1149,13758,2015-11-04T05:38:57.976Z
49393,119.302073,92.691981,1149,13758,2015-11-04T05:43:04.923Z
49393,1148.281,0,1149,13758,2015-11-04T05:59:11.025Z
49393,0,819.907183,1149,13758,2015-11-04T05:59:14.009Z
49393,822.407643,897.963198,1149,13758,2015-11-04T05:59:20.009Z
49393,897.963198,966.115499,1149,13758,2015-11-04T06:01:15.115Z
49393,1148.281,0,1149,13758,2015-11-04T06:01:19.552Z
21676,89.218735498,58.190814184,1149,13758,2015-11-11T18:56:12.436Z
21676,207.384046921,194.828762025,1149,13758,2015-11-12T06:25:14.515Z
42881,428.7385,397.586473,1149,13758,2015-11-13T11:55:43.278Z
42881,397.586473,372.208071,1149,13758,2015-11-13T11:55:46.277Z
42881,683.968071,497.946232,1149,13758,2015-11-13T11:59:16.283Z
42881,833.496232,439.816289,1149,13758,2015-11-13T12:05:02.285Z
42881,439.816289,305.079853,1149,13758,2015-11-13T12:05:05.290Z
41067,198.937192,215.556498,1149,13758,2015-11-04T02:42:04.552Z
41067,252.026511,258.26383,1149,13758,2015-11-04T02:42:48.732Z
54909,8.678000000000001,600.3236889999999,1149,13758,2015-11-11T13:25:05.088Z
54909,600.3236889999999,1101.896333,1149,13758,2015-11-11T13:25:08.104Z
54909,1101.896333,1087.838632,1149,13758,2015-11-11T13:25:11.087Z
44141,334.846252,303.547126,1149,13758,2015-11-08T09:15:10.149Z
33023,200.881,191.222,1149,13758,2015-11-15T07:18:50.067Z
33023,194.223,181.623,1149,13758,2015-11-15T07:18:56.086Z
33023,466.605,417.902,1149,13758,2015-11-15T07:23:44.073Z
33023,1069.723,1061.947,1149,13758,2015-11-15T07:34:44.089Z
44452,598.66,266.987365,1149,13758,2015-11-03T23:50:28.721Z
44452,268.547365,425.773521,1149,13758,2015-11-03T23:52:28.381Z
44452,425.773521,483.406505,1149,13758,2015-11-03T23:54:28.315Z
44452,483.406505,510.053897,1149,13758,2015-11-03T23:56:29.599Z
33932,1068.426,1074.427,1149,13758,2015-10-26T08:57:32.438Z
20371,235.355,219.657068,1149,13758,2015-11-14T18:58:39.559Z
20371,516.677068,394.657321,1149,13758,2015-11-14T19:03:39.576Z
20371,742.677321,729.868321,1149,13758,2015-11-14T19:09:30.567Z
49938,1148.203333333333,0,1149,13758,2015-10-27T17:57:55.184Z
49938,108.847849974,53.494226742,1149,13758,2015-10-28T08:01:47.972Z
49938,74.592121147,297.825659788,1149,13758,2015-10-28T08:03:14.435Z
37610,191.034494,21.465011,1149,13758,2015-10-26T16:40:53.517Z
37610,329.104978,312.094792,1149,13758,2015-10-26T16:45:10.378Z
37610,1.950385,900.76185,1149,13758,2015-10-26T16:55:40.875Z
47715,3.921,36.304965,1149,13758,2015-11-08T12:00:38.625Z
47715,36.304965,18.538126,1149,13758,2015-11-08T12:00:41.625Z
47715,118.038126,152.094563,1149,13758,2015-11-08T12:02:24.102Z
47715,152.094563,206.21408,1149,13758,2015-11-08T12:02:27.102Z
43729,24.52,209.143793,1149,13758,2015-11-08T17:22:24.831Z
45488,187.935,192.994,1149,13758,2015-11-08T15:42:15.962Z
38874,29.081,1111.906321,1149,13758,2015-11-08T02:28:59.446Z
38874,1111.906321,0.42,1149,13758,2015-11-08T02:29:02.425Z
42256,956.069,861.35,1149,13758,2015-10-28T08:45:15.953Z
42256,861.35,812.79,1149,13758,2015-10-28T08:47:10.081Z
42256,956.069,861.35,1149,13758,2015-10-28T08:47:17.427Z
49234,35.36,50.482,1149,13758,2015-11-11T14:11:32.875Z
49234,50.482,71.006,1149,13758,2015-11-11T14:11:35.882Z
49234,71.006,81.76600000000001,1149,13758,2015-11-11T14:11:38.874Z
36401,1.161,21.446264,1149,13758,2015-11-05T15:04:37.624Z
36401,21.446264,36.244965,1149,13758,2015-11-05T15:04:40.625Z
38474,194.75125,187.90375,1149,13758,2015-11-01T05:31:27.754Z
38474,464.96625,458.5925,1149,13758,2015-11-01T05:35:13.020Z
38474,458.5925,441.075,1149,13758,2015-11-01T05:37:13.019Z
38474,441.075,418.83,1149,13758,2015-11-01T05:39:13.094Z
38474,418.83,432.25125,1149,13758,2015-11-01T05:39:26.728Z
38474,851.29,831.831709,1149,13758,2015-11-01T05:47:49.941Z
41383,73.77124999999999,42.58685,1149,13758,2015-11-13T15:41:29.222Z
41383,492.4631,450.191836,1149,13758,2015-11-13T15:47:32.268Z
41383,450.191836,425.744896,1149,13758,2015-11-13T15:47:35.254Z
41383,425.744896,387.403043,1149,13758,2015-11-13T15:47:38.246Z
41383,387.403043,396.051319,1149,13758,2015-11-13T15:47:41.324Z
41383,396.051319,404.652569,1149,13758,2015-11-13T15:47:44.254Z
33253,203.821,179.818678,1149,13758,2015-10-27T23:06:50.577Z
33253,242.899678,212.064218,1149,13758,2015-10-27T23:07:56.581Z
33253,350.184218,295.298563,1149,13758,2015-10-27T23:10:50.218Z
33253,295.298563,235.660195,1149,13758,2015-10-27T23:12:16.457Z
33253,436.520195,425.625862,1149,13758,2015-10-27T23:13:55.622Z
40706,356.481,397.849962,1149,13758,2015-10-29T16:35:04.225Z
37911,367.623,190.454526,1149,13758,2015-10-28T06:50:07.280Z
37911,193.556526,10.592094,1149,13758,2015-10-28T06:52:01.546Z
37911,605.533094,563.828052,1149,13758,2015-10-28T07:02:42.310Z
37911,563.828052,536.344895,1149,13758,2015-10-28T07:04:36.110Z
37911,605.533094,563.828052,1149,13758,2015-10-28T07:04:42.439Z
44190,0,449.342839,1149,13758,2015-11-09T12:48:34.899Z
44198,22.501,11.928988,1149,13758,2015-11-13T01:35:15.128Z
44198,208.644488,178.590752,1149,13758,2015-11-13T01:38:27.132Z
37828,373.7882228,341.7592473,1149,13758,2015-11-13T14:40:20.565Z
44994,1071.715999,1027.799011,1149,13758,2015-11-03T14:51:19.372Z
43390,302.7945,336.272721,1149,13758,2015-11-06T13:48:11.436Z
43390,336.272721,326.588921,1149,13758,2015-11-06T13:48:14.437Z
43390,738.247421,723.4361720000001,1149,13758,2015-11-06T13:52:54.950Z
43390,875.866172,838.916057,1149,13758,2015-11-06T14:05:40.934Z
42019,89.19125,216.062643,1149,13758,2015-10-28T00:50:33.650Z
42019,711.7901429999999,697.828448,1149,13758,2015-10-28T00:59:16.152Z
42019,697.828448,680.259396,1149,13758,2015-10-28T00:59:19.151Z
9114,56.463,43.972,1149,13758,2015-11-04T07:28:36.764Z
9114,46.738,78.996,1149,13758,2015-11-04T07:32:48.806Z
9114,78.996,86.899,1149,13758,2015-11-04T07:34:35.862Z
9114,86.899,114.071,1149,13758,2015-11-04T07:36:35.878Z
9114,114.071,126.86,1149,13758,2015-11-04T07:36:48.835Z
9114,126.86,139.192,1149,13758,2015-11-04T07:38:36.871Z
9114,139.192,156.567,1149,13758,2015-11-04T07:40:36.886Z
9114,170.176,178.019,1149,13758,2015-11-04T07:42:36.900Z
9114,178.019,185.922,1149,13758,2015-11-04T07:44:01.285Z
9114,291.728,283.274,1149,13758,2015-11-04T07:48:35.984Z
9114,428.354,335.181,1149,13758,2015-11-04T07:55:15.405Z
9114,335.181,292.356,1149,13758,2015-11-04T07:58:37.025Z
9114,292.356,304.928,1149,13758,2015-11-04T08:00:36.796Z
9114,881.654,868.826,1149,13758,2015-11-04T08:10:01.531Z
9114,1020.446,1002.938,1149,13758,2015-11-04T08:14:37.299Z
42062,27.270453,35.469319,1149,13758,2015-10-30T07:18:13.833Z
42062,43.701405,49.701405,1149,13758,2015-10-30T07:18:16.428Z
42062,27.270453,35.469319,1149,13758,2015-10-30T07:20:14.098Z
42062,43.701405,49.701405,1149,13758,2015-10-30T07:20:16.507Z
42062,116.176984,122.23458,1149,13758,2015-10-30T07:22:14.207Z
42062,145.934988,151.498594,1149,13758,2015-10-30T07:22:16.674Z
42062,10.369274,16.144693,1149,13758,2015-10-30T07:24:14.496Z
42062,27.270453,35.469319,1149,13758,2015-10-30T07:24:17.242Z
42062,49.701405,56.643174,1149,13758,2015-10-30T07:25:01.146Z
42062,312.855056,320.90721,1149,13758,2015-10-30T07:26:14.835Z
42062,195.418798,204.667959,1149,13758,2015-10-30T07:26:17.396Z
42062,219.617278,243.634126,1149,13758,2015-10-30T07:27:01.287Z
42062,56.643174,61.657596,1149,13758,2015-10-30T07:28:14.970Z
42062,10.369274,16.144693,1149,13758,2015-10-30T07:28:17.532Z
42062,312.855056,320.90721,1149,13758,2015-10-30T07:30:15.104Z
39790,62.007616,17.032144,1149,13758,2015-10-28T08:35:53.086Z
39790,17.032144,2.369986,1149,13758,2015-10-28T08:37:51.663Z
54451,380.78173828125,351.9698791503906,1149,13758,2015-11-08T05:58:41.445Z
54451,452.1021728515625,420.3619384765625,1149,13758,2015-11-08T06:01:26.384Z
43833,737.923,785.163093,1149,13758,2015-11-14T06:48:56.564Z
43833,785.163093,825.5065090000001,1149,13758,2015-11-14T06:48:59.576Z
43833,825.5065090000001,842.355536,1149,13758,2015-11-14T06:49:02.605Z
43833,860.385536,850.320726,1149,13758,2015-11-14T06:49:17.575Z
43833,895.260726,920.841442,1149,13758,2015-11-14T06:50:29.583Z
41468,67.961,32.45538,1149,13758,2015-11-04T03:53:00.956Z
41468,497.47538,485.111213,1149,13758,2015-11-04T04:00:48.959Z
41468,485.111213,450.096641,1149,13758,2015-11-04T04:02:48.976Z
41468,450.096641,443.496384,1149,13758,2015-11-04T04:04:48.339Z
41468,450.096641,443.496384,1149,13758,2015-11-04T04:06:48.359Z
41468,872.996384,826.1887819999999,1149,13758,2015-11-04T04:23:36.110Z
41468,1146.469782,1092.10977,1149,13758,2015-11-04T04:27:54.897Z
41468,1092.10977,1114.417034,1149,13758,2015-11-04T04:27:57.896Z
41468,0,213.433931,1149,13758,2015-11-04T12:38:12.705Z
41468,228.453931,559.252586,1149,13758,2015-11-04T12:38:30.705Z
41468,559.252586,780.99508,1149,13758,2015-11-04T12:38:33.704Z
37581,216.902,202.577229,1149,13758,2015-10-31T08:56:14.318Z
37581,202.577229,178.161252,1149,13758,2015-10-31T08:56:19.597Z
41135,1146.501179,245.807183908046,1149,13758,2015-10-28T02:41:19.090Z
41135,1146.501179,245.807183908046,1149,13758,2015-10-28T02:43:19.246Z
45909,53.84125,47.16875,1149,13758,2015-11-06T08:50:40.117Z
45909,235.99375,229.39625,1149,13758,2015-11-06T08:55:13.126Z
45909,372.62125,365.99875,1149,13758,2015-11-06T08:57:13.131Z
45909,365.99875,333.18125,1149,13758,2015-11-06T08:57:16.132Z
45909,334.785,356.5125,1149,13758,2015-11-06T08:58:58.134Z
45909,461.5375,444.61625,1149,13758,2015-11-06T09:00:25.144Z
45909,796.6174999999999,768.8475,1149,13758,2015-11-06T09:06:36.142Z
37831,125.6295,133.067499,1149,13758,2015-10-30T15:38:55.494Z
37831,133.067499,140.044499,1149,13758,2015-10-30T15:39:59.478Z
37831,140.044499,156.795499,1149,13758,2015-10-30T15:40:41.980Z
37831,125.6295,133.067499,1149,13758,2015-10-30T15:42:42.176Z
37831,742.606499,750.253499,1149,13758,2015-10-30T16:09:55.682Z
37831,742.606499,750.253499,1149,13758,2015-10-30T16:11:55.862Z
38782,443.233016,516.3172070000001,1149,13758,2015-10-28T05:50:06.012Z
38782,516.3172070000001,611.37922,1149,13758,2015-10-28T05:54:05.792Z
38782,611.37922,687.808683,1149,13758,2015-10-28T05:56:06.022Z
38782,1073.470678,1086.026929,1149,13758,2015-10-28T06:00:06.112Z
38782,1121.670895,1132.70917,1149,13758,2015-10-28T06:02:07.214Z
4260,489.052199,479.052199,1149,13758,2015-11-13T04:26:26.808Z
4260,479.052199,464.052199,1149,13758,2015-11-13T04:26:29.779Z
24516,895.721,877.266616,1149,13758,2015-10-26T03:15:43.802Z
47391,1147.158724,1093.759482,1149,13758,2015-11-01T02:59:07.240Z
48981,53.061,25.236977,1149,13758,2015-11-13T16:18:27.138Z
48981,73.11697700000001,54.591804,1149,13758,2015-11-13T16:23:32.107Z
48981,144.491804,115.880885,1149,13758,2015-11-13T16:25:05.110Z
48981,115.880885,102.753471,1149,13758,2015-11-13T16:25:08.111Z
48981,531.566229,519.021057,1149,13758,2015-11-13T16:33:09.087Z
48981,841.361057,796.122494,1149,13758,2015-11-13T16:45:22.091Z
48981,972.002494,1003.025287,1149,13758,2015-11-13T16:48:21.091Z
48981,1003.025287,1027.782264,1149,13758,2015-11-13T16:48:24.091Z
48981,1036.781264,1051.507954,1149,13758,2015-11-13T16:48:36.092Z
32211,245.124558,187.027989,1149,13758,2015-11-04T14:13:07.127Z
32211,187.027989,147.572071,1149,13758,2015-11-04T14:13:10.104Z
46247,81.998,24.74569,1149,13758,2015-10-27T06:28:09.830Z
46247,24.74569,1.998,1149,13758,2015-10-27T06:28:37.525Z
51692,1.194,25.549977,1149,13758,2015-11-01T14:49:15.671Z
51692,1.437,99.559759,1149,13758,2015-11-01T14:49:26.268Z
49361,24.758,30.054,1149,13758,2015-10-27T12:19:56.377Z
49361,24.758,30.054,1149,13758,2015-10-27T12:21:56.403Z
38525,1.658,323.3436781609195,1149,13758,2015-10-28T07:58:24.171Z
38520,265.837,274.857,1149,13758,2015-11-06T06:30:13.839Z
33653,78.88200000000001,9.608563,1149,13758,2015-11-02T15:55:54.138Z
33653,109.768563,67.778792,1149,13758,2015-11-02T15:56:52.997Z
33653,193.938792,137.528149,1149,13758,2015-11-02T15:59:54.472Z
33653,137.528149,121.01931,1149,13758,2015-11-02T16:00:55.100Z
37334,742.99,714.286949,1149,13758,2015-11-01T13:21:27.890Z
37334,877.138199,858.1009104704096,1149,13758,2015-11-01T13:25:27.891Z
37334,1148.281,0,1149,13758,2015-11-01T13:31:02.609Z
37334,0,767.617629,1149,13758,2015-11-01T13:33:02.233Z
36806,318.9615,268.90316,1149,13758,2015-10-28T07:04:29.196Z
36806,268.90316,250.756321,1149,13758,2015-10-28T07:06:29.304Z
32518,174.6515,128.19816,1149,13758,2015-11-13T05:09:42.335Z
43880,22.9,0,1149,13758,2015-11-07T04:26:46.825Z
32020,1.422,29.057402,1149,13758,2015-10-28T09:19:59.319Z
43068,268.011,249.787836,1149,13758,2015-10-29T12:32:11.782Z
43068,372.627836,358.0502276176024,1149,13758,2015-10-29T12:34:08.981Z
43068,358.0502276176024,365.173238,1149,13758,2015-10-29T12:36:09.005Z
43068,413.193238,403.115817,1149,13758,2015-10-29T12:36:22.533Z
43068,403.115817,409.449165,1149,13758,2015-10-29T12:38:21.974Z
43068,529.145165,515.216546,1149,13758,2015-10-29T12:40:22.647Z
42918,130.761,107.445,1149,13758,2015-11-02T23:31:54.612Z
42918,107.445,89.709,1149,13758,2015-11-02T23:33:54.704Z
42918,89.709,77.393,1149,13758,2015-11-02T23:35:42.907Z
42918,1078.633,1056.196997,1149,13758,2015-11-02T23:46:46.543Z
42918,1056.196997,1043.720997,1149,13758,2015-11-02T23:48:46.184Z
42918,0,618.642241,1149,13758,2015-11-04T23:35:26.298Z
38533,47.528319,32.358088,1149,13758,2015-11-08T14:47:14.023Z
38533,36.131208,22.687349,1149,13758,2015-11-08T14:47:20.021Z
37034,151.12298,20.066809,1149,13758,2015-10-31T08:03:55.418Z
37034,107.148115,0.597324,1149,13758,2015-10-31T08:05:53.264Z
37034,62.233538,54.708166,1149,13758,2015-10-31T08:09:22.967Z
37034,183.559486,170.906116,1149,13758,2015-10-31T08:11:23.083Z
37034,173.935402,181.751358,1149,13758,2015-10-31T08:11:43.334Z
37034,227.907892,214.95586,1149,13758,2015-10-31T08:13:43.448Z
37034,114.728876,156.17952,1149,13758,2015-11-01T02:06:34.050Z
37034,156.17952,202.331502,1149,13758,2015-11-01T02:10:33.987Z
37034,202.331502,277.800828,1149,13758,2015-11-01T02:16:34.339Z
37034,277.800828,304.848796,1149,13758,2015-11-01T02:18:34.453Z
37034,328.869754,316.088386,1149,13758,2015-11-01T02:18:36.610Z
37034,5.631912,120.685019,1149,13758,2015-11-01T06:16:59.738Z
37034,394.344753,381.819381,1149,13758,2015-11-01T08:53:44.186Z
37034,381.819381,374.422007,1149,13758,2015-11-01T08:55:18.288Z
37034,449.273526,441.918818,1149,13758,2015-11-01T09:35:47.013Z
37034,525.007952,512.69591,1149,13758,2015-11-01T09:38:47.778Z
37034,512.69591,499.786544,1149,13758,2015-11-01T09:39:47.982Z
37034,630.32835,607.333652,1149,13758,2015-11-01T09:44:49.298Z
37034,607.333652,594.765614,1149,13758,2015-11-01T09:45:50.762Z
37034,594.765614,621.8562480000001,1149,13758,2015-11-01T09:47:50.878Z
37034,621.8562480000001,634.416208,1149,13758,2015-11-01T09:49:42.899Z
37034,653.223836,645.826462,1149,13758,2015-11-01T09:50:08.506Z
37034,859.703046,852.263006,1149,13758,2015-11-01T09:55:06.732Z
37034,888.27311,880.61974,1149,13758,2015-11-01T09:57:06.851Z
37034,890.33951,882.814138,1149,13758,2015-11-01T09:57:51.589Z
37034,933.842674,941.615964,1149,13758,2015-11-01T09:59:48.850Z
37034,941.615964,949.3892540000001,1149,13758,2015-11-01T09:59:51.705Z
37034,31.060846,511.4109195402299,1149,13758,2015-11-13T12:33:57.994Z
37922,436.741,396.421321,1149,13758,2015-11-10T13:14:41.697Z
39327,4.030088,9.089021000000001,1149,13758,2015-11-08T13:36:28.450Z
39327,6.33786,14.26149,1149,13758,2015-11-14T06:03:23.342Z
39327,20.580077,29.235119,1149,13758,2015-11-14T06:03:37.061Z
39327,29.235119,40.145348,1149,13758,2015-11-14T06:03:47.585Z
